,Star Name,Star RA,Star Dec,Planet Name,Transit Mid Time,Transit Duration [hrs],Planet Period [days],Priority,Immediate Followup,Transit Observations,Phase Curve Observations,Known,Observe Transit,Observe Phase Curve
0,55Cnc,133.1468373,28.3298154,55Cnce,2455568.027,1.596,0.73654625,28,0,1,1,1,0,1
1,AUMic,311.2911369,-31.34245,AUMicb,2458525.041,3.4927,8.463,76,0,1,1,1,1,0
2,CoRoT-2,291.7770457,1.3836634,CoRoT-2b,2454237.536,2.26704,1.74299705,75,0,2,1,1,0,1
3,DSTucA,354.9154673,-69.196043,DSTucAb,2458332.31,3.1764,8.138268,26,0,1,1,1,1,0
4,EPIC211945201,136.5741931,19.4020565,EPIC211945201b,2458113.94,3.91,19.4921498,10,0,1,7,1,1,0
5,G9-40,134.7188514,21.0747961,G9-40b,2458497.777,1.3368,5.7459996,10,0,2,287,1,1,0
6,GJ1252,306.9286462,-56.4622865,GJ1252b,2458668.097,0.724,0.5182464,10,0,1,18,1,1,0
7,GJ3090,20.4384281,-46.7147234,GJ3090b,2458370.418,1.281,2.853136,15,0,1,21,1,1,0
8,GJ3473,120.5936065,3.3371629,GJ3473b,2458492.204,0.95,1.1980035,10,0,2,113,1,1,0
9,GJ357,144.0074644,-21.6650634,GJ357b,2459272.676,1.291,3.930623,13,0,1,145,1,1,0
10,GJ367,146.121464,-45.7790165,GJ367b,2458544.136,0.629,0.321962,10,0,1,15,1,1,0
11,GJ3929,239.5775678,35.4081141,GJ3929b,2458956.396,1.19,2.616235,10,0,2,268,1,1,0
12,GJ806,311.2697002,44.5002351,GJ806b,2459445.574,0.93,0.9263237,17,0,1,8,1,1,0
13,GJ9827,351.7717763,-1.2853435,GJ9827b,2457738.826,1.25976,1.2089749,10,0,1,10,1,1,0
14,GJ9827,351.7717763,-1.2853435,GJ9827c,2457742.199,1.8264,3.6481145,10,0,3,121,1,1,0
15,GJ9827,351.7717763,-1.2853435,GJ9827d,2457740.961,1.2264,6.20147,10,0,2,42,1,1,0
16,GPX-1,38.3691648,56.025708,GPX-1b,2458770.238,2.09,1.744579,36,0,421,1,1,0,1
17,HAT-P-11,297.7101763,48.0818635,HAT-P-11b,2454605.891,2.2968,4.88780201,20,0,1,1,1,1,0
18,HAT-P-12,209.3886452,43.49331,HAT-P-12b,2454419.196,2.3376,3.21305762,27,0,1,1,1,1,0
19,HAT-P-13,129.8823772,47.3519076,HAT-P-13b,2454779.93,3.228,2.91624268,44,0,1,1,1,1,0
20,HAT-P-17,324.5359781,30.4881882,HAT-P-17b,2454801.169,4.056,10.33853522,21,0,1,1,1,1,0
21,HAT-P-18,256.346376,33.0123251,HAT-P-18b,2454715.022,2.7144,5.50802941,27,0,1,1,1,1,0
22,HAT-P-19,9.5165832,34.7114025,HAT-P-19b,2455091.534,2.8368,4.00878423,24,0,1,1,1,1,0
23,HAT-P-1,344.4453632,38.674919,HAT-P-1b,2453979.932,2.85,4.46529913,58,0,1,1,1,1,0
24,HAT-P-22,155.6814593,50.1287115,HAT-P-22b,2454930.22,2.8704,3.21223218,72,0,1,1,1,1,0
25,HAT-P-23,306.1239076,16.7621462,HAT-P-23b,2454852.265,2.1792,1.212886397,53,0,3,1,1,0,1
26,HAT-P-24,108.8251171,14.2626064,HAT-P-24b,2455216.977,3.6936,3.35524439,28,0,1,1,1,1,0
27,HAT-P-25,48.4354731,25.1973548,HAT-P-25b,2450000.0,2.81304,3.65281524,19,0,1,1,1,1,0
28,HAT-P-26,213.1565508,4.0594175,HAT-P-26b,2455304.651,2.4552,4.2345002,21,0,1,2,1,1,0
29,HAT-P-27,222.7673221,5.9473626,HAT-P-27b,2455407.909,1.68,3.03957804,23,0,1,1,1,1,0
30,HAT-P-28,13.0009159,34.728402,HAT-P-28b,2455417.598,3.2184,3.25721296,21,0,1,1,1,1,0
31,HAT-P-29,33.1310921,51.7787754,HAT-P-29b,2456170.549,3.8928,5.7233685,18,0,2,1,1,1,0
32,HAT-P-30,123.9498431,5.8368669,HAT-P-30b,2455456.466,2.1288,2.81060097,63,0,1,1,1,1,0
33,HAT-P-32,31.0427614,46.6878512,HAT-P-32b,2455867.403,3.12048,2.150008197,119,0,1,1,1,1,0
34,HAT-P-35,123.250703,4.7870288,HAT-P-35b,2455578.661,3.936,3.6466584,23,0,2,1,1,1,0
35,HAT-P-36,188.2662048,44.9153672,HAT-P-36b,2456698.736,2.23248,1.327346813,55,0,2,1,1,0,1
36,HAT-P-37,284.2960393,51.2691212,HAT-P-37b,2455642.143,2.3304,2.79744256,19,0,3,1,1,1,0
37,HAT-P-38,35.3834942,32.2460441,HAT-P-38b,2455863.12,3.0408,4.64032787,10,0,1,1,1,1,0
38,HAT-P-39,113.7582526,17.8300283,HAT-P-39b,2455208.75,4.188,3.5438737,27,0,1,1,1,1,0
39,HAT-P-3,206.0940142,48.028565,HAT-P-3b,2454856.701,2.075,2.89973815,21,0,1,1,1,1,0
40,HAT-P-40,335.5129199,45.4573423,HAT-P-40b,2455813.176,6.1368,4.4572184,44,0,1,1,1,1,0
41,HAT-P-41,297.3226523,4.6724124,HAT-P-41b,2454983.862,4.0896,2.69404968,72,0,1,1,1,1,0
42,HAT-P-43,128.9256885,10.2065866,HAT-P-43b,2455997.371,3.2496,3.33268054,17,0,1,1,1,1,0
43,HAT-P-44,213.1438604,47.0147826,HAT-P-44b,2455696.937,3.1248,4.30119043,17,0,1,1,1,1,0
44,HAT-P-45,274.3732697,-3.3810594,HAT-P-45b,2455729.986,3.4464,3.12899506,52,0,1,1,1,1,0
45,HAT-P-46,270.4441831,-2.97098,HAT-P-46b,2455701.336,3.0984,4.46313574,33,0,1,1,1,1,0
46,HAT-P-49,305.4413294,26.6926759,HAT-P-49b,2456399.624,4.1088,2.69155536,57,0,1,1,1,1,0
47,HAT-P-4,229.99122,36.229545,HAT-P-4b,2454248.872,4.224,3.05652301,36,0,1,1,1,1,0
48,HAT-P-51,21.0651251,32.8107,HAT-P-51b,2456194.122,3.3672,4.21802122,17,0,1,1,1,1,0
49,HAT-P-55,264.2735096,25.7311468,HAT-P-55b,2456730.835,2.9352,3.58523207,15,0,2,1,1,1,0
50,HAT-P-56,100.8480137,27.2521823,HAT-P-56b,2456553.616,2.27112,2.790825,58,0,2,1,1,1,0
51,HAT-P-58,68.8465093,56.8682691,HAT-P-58b,2457369.031,4.15,4.0138379,25,0,1,1,1,1,0
52,HAT-P-5,274.4055335,36.6214617,HAT-P-5b,2454241.777,2.9208,2.78847323,36,0,1,1,1,1,0
53,HAT-P-60,28.2825719,52.0539209,HAT-P-60b,2458360.94,5.035,4.7947813,80,0,1,1,1,1,0
54,HAT-P-61,75.4801665,50.1311784,HAT-P-61b,2457851.211,1.658,1.90231289,16,0,10,1,1,0,1
55,HAT-P-62,74.5043816,48.3008551,HAT-P-62b,2457118.39,3.103,2.64532306,22,0,2,1,1,1,0
56,HAT-P-64,68.9743955,2.4312732,HAT-P-64b,2457751.464,4.925,4.007232,35,0,1,1,1,1,0
57,HAT-P-65,315.9054895,11.9893675,HAT-P-65b,2456409.333,4.3656,2.60544724,40,0,1,1,1,1,0
58,HAT-P-67,256.6107279,44.7768849,HAT-P-67b,2455961.385,6.9888,4.8101042,90,0,1,1,1,1,0
59,HAT-P-68,118.4831501,23.9382192,HAT-P-68b,2456614.204,2.0868,2.29840555,20,0,1,1,1,1,0
60,HAT-P-6,354.7740917,42.4659866,HAT-P-6b,2454035.676,3.5064,3.85299668,49,0,1,1,1,1,0
61,HAT-P-8,343.0414932,35.4471778,HAT-P-8b,2454437.676,3.8088,3.07634347,75,0,1,1,1,1,0
62,HAT-P-9,110.1685157,37.1405946,HAT-P-9b,2455484.913,3.36,3.92281131,28,0,1,1,1,1,0
63,HATS-13,316.9614798,-26.0967205,HATS-13b,2456340.317,2.63472,3.04405362,17,0,1,1,1,1,0
64,HATS-1,175.5252399,-23.3548451,HATS-1b,2455241.287,2.4168,3.4464563,35,0,3,1,1,1,0
65,HATS-25,207.9076746,-23.7812403,HATS-25b,2456870.369,3.204,4.29864716,17,0,1,1,1,1,0
66,HATS-26,144.9268593,-28.5856004,HATS-26b,2456867.423,5.2152,3.3023928,29,0,1,1,1,1,0
67,HATS-27,193.5524603,-46.5877159,HATS-27b,2457029.337,4.8312,4.6370496,19,0,1,1,1,1,0
68,HATS-29,285.0965172,-54.8933408,HATS-29b,2457031.956,3.2112,4.6058787,20,0,1,1,1,1,0
69,HATS-2,176.7388264,-22.5630097,HATS-2b,2455954.586,2.0688,1.354133683,30,0,3,1,1,0,1
70,HATS-30,5.618525,-59.9425892,HATS-30b,2456629.762,2.7504,3.17435131,25,0,1,1,1,1,0
71,HATS-31,191.7028214,-24.4273897,HATS-31b,2456960.148,4.5936,3.3779344,27,0,1,1,1,1,0
72,HATS-35,296.688442,-63.5656488,HATS-35b,2456981.802,3.1176,1.82100088,41,0,1,1,1,0,1
73,HATS-37A,199.80183,-22.9868431,HATS-37Ab,2458006.801,2.9136,4.3315366,11,0,1,3,1,1,0
74,HATS-38,154.2710615,-25.2762982,HATS-38b,2457725.16,3.216,4.375021,10,0,1,3,1,1,0
75,HATS-39,112.4192251,-29.9379163,HATS-39b,2457315.283,3.732,4.5776335,20,0,1,1,1,1,0
76,HATS-3,312.4574879,-24.4286938,HATS-3b,2456155.967,3.5856,3.54785091,35,0,1,1,1,1,0
77,HATS-51,102.8474248,-29.0586551,HATS-51b,2457042.004,3.3216,3.34886782,32,0,1,1,1,1,0
78,HATS-52,140.0875894,-31.2692116,HATS-52b,2456929.03,2.0904,1.36665617,33,0,5,1,1,0,1
79,HATS-56,180.165072,-45.7994559,HATS-56b,2457788.003,4.6416,4.3247662,39,0,1,1,1,1,0
80,HATS-5,67.2228465,-21.4820568,HATS-5b,2456273.791,2.9856,4.76338959,13,0,1,1,1,1,0
81,HATS-60,341.3640336,-14.9917747,HATS-60b,2458015.724,3.8592,3.5608104,17,0,2,1,1,1,0
82,HATS-65,292.9397825,-26.7402021,HATS-65b,2457520.961,2.8848,3.10515933,33,0,1,1,1,1,0
83,HATS-70,109.1045212,-31.2443947,HATS-70b,2456911.875,3.624,1.88823968,18,0,615,1,1,0,1
84,HATS-72,339.0258401,-17.0003046,HATS-72b,2458087.648,3.08472,7.3279496,19,0,1,3,1,1,0
85,HATS-7,208.8567465,-21.2078587,HATS-7b,2456528.297,2.2992,3.1853109,10,0,2,4,1,1,0
86,HATS-9,290.8101704,-20.1663771,HATS-9b,2456124.259,3.4968,1.915311,14,0,7,1,1,0,1
87,HD106315,183.4724742,-0.3934357,HD106315c,2457569.017,4.638,21.056614,10,0,1,9,1,1,0
88,HD108236,186.5740627,-51.3630519,HD108236d,2458571.337,3.734,14.175876,10,0,2,32,1,1,0
89,HD108236,186.5740627,-51.3630519,HD108236e,2458586.568,4.013,19.590186,10,0,1,30,1,1,0
90,HD110067,189.8392243,20.0273377,HD110067b,2459640.158,3.0948,9.113678,11,0,1,16,1,1,0
91,HD110067,189.8392243,20.0273377,HD110067c,2459657.457,3.7044,13.673694,10,0,1,21,1,1,0
92,HD110067,189.8392243,20.0273377,HD110067d,2459708.203,3.8177,20.519617,14,0,1,22,1,1,0
93,HD110067,189.8392243,20.0273377,HD110067f,2459641.576,5.165,41.05854,17,0,1,128,1,1,0
94,HD149026,247.6229827,38.3475349,HD149026b,2454456.788,3.24,2.8758885,69,0,1,1,1,1,0
95,HD152843,253.7848853,20.491524,HD152843b,2458994.283,5.53,11.6264,10,0,1,9,1,1,0
96,HD152843,253.7848853,20.491524,HD152843c,2459002.771,6.359,24.38,12,0,1,3,1,1,0
97,HD15337,36.8678846,-27.6361171,HD15337c,2458414.55,2.232,17.1784,10,0,2,57,1,1,0
98,HD15906,38.2712534,-10.352178,HD15906c,2457430.83,2.19,21.583298,10,0,2,104,1,1,0
99,HD189733,300.1821223,22.7097759,HD189733b,2458334.991,1.8408,2.218574944,311,0,1,1,1,1,0
100,HD191939,302.0256247,66.8503014,HD191939b,2459443.542,2.939,8.880318,13,0,1,6,1,1,0
101,HD191939,302.0256247,66.8503014,HD191939c,2459440.549,4.162,28.57968,11,0,1,48,1,1,0
102,HD191939,302.0256247,66.8503014,HD191939d,2459433.906,5.36,38.3561,27,0,1,111,1,1,0
103,HD202772A,319.6995877,-26.6163743,HD202772Ab,2458338.61,5.6304,3.3088753,125,0,1,1,1,1,0
104,HD207496,328.7181708,-77.3388025,HD207496b,2458658.79,1.762,6.441008,11,0,1,9,1,1,0
105,HD219134,348.3372026,57.1696255,HD219134b,2457126.7,0.957,3.0929338,19,0,1,1,1,1,0
106,HD219666,349.5592665,-56.9039857,HD219666b,2459083.511,2.028,6.034468,10,0,2,19,1,1,0
107,HD23472,55.4590314,-62.7672667,HD23472c,2458370.104,2.94,29.79749,10,0,2,951,1,1,0
108,HD23472,55.4590314,-62.7672667,HD23472f,2458360.075,2.82,12.1621839,10,0,1,1116,1,1,0
109,HD260655,99.2915429,17.5662696,HD260655b,2459497.91,1.15,2.76953,13,0,1,25,1,1,0
110,HD260655,99.2915429,17.5662696,HD260655c,2459490.365,0.98,5.70588,12,0,1,41,1,1,0
111,HD3167,8.7401487,4.3807215,HD3167b,2458269.579,1.609,0.959641,10,0,2,6,1,1,0
112,HD3167,8.7401487,4.3807215,HD3167c,2457394.978,4.81,29.8454,10,0,1,113,1,1,0
113,HD332231,306.741134,33.7443882,HD332231b,2458729.68,6.156,18.7120712,32,0,1,1,1,1,0
114,HD63433,117.4793699,27.3631342,HD63433b,2458916.453,2.93,7.107939,12,0,1,4,1,1,0
115,HD63433,117.4793699,27.3631342,HD63433c,2458844.06,4.1,20.543806,13,0,1,10,1,1,0
116,HD63935,117.9246417,9.3852412,HD63935b,2458494.446,3.36,9.058811,10,0,1,7,1,1,0
117,HD73583,129.6883026,-13.2565267,HD73583b,2458703.234,2.08,6.398042,10,0,1,9,1,1,0
118,HD86226,149.1235154,-24.0991859,HD86226c,2458543.254,3.12,3.9846654,10,0,1,5,1,1,0
119,HD89345,154.6710977,10.1288464,HD89345b,2457913.805,5.7072,11.814417,13,0,1,2,1,1,0
120,HD93963A,162.7766969,25.641065,HD93963Ac,2458902.873,2.268,3.6451398,11,0,2,4,1,1,0
121,HD97658,168.6376584,25.7105962,HD97658b,2456361.805,2.9712,9.4893037,15,0,1,8,1,1,0
122,HIP65A,0.1856063,-54.8308228,HIP65Ab,2458326.104,0.78576,0.98097217,400,0,1,1,1,0,1
123,HIP67522,207.526001,-40.8358961,HIP67522b,2458604.024,4.822,6.959503,25,0,1,1,1,1,0
124,HIP94235,287.7411441,-60.2726358,HIP94235b,2459037.87,2.47,7.713057,10,0,1,5,1,1,0
125,K2-107,284.985355,-22.2934206,K2-107b,2457304.524,3.19,3.3139151,22,0,2,1,1,1,0
126,K2-138,348.9490311,-10.8497391,K2-138f,2457738.702,3.2,12.7576,13,0,1,317,1,1,0
127,K2-140,188.1373172,-9.6076115,K2-140b,2457588.285,3.81,6.5692045,15,0,2,1,1,1,0
128,K2-232,73.7667927,18.654323,K2-232b,2457858.857,5.03016,11.16844233,27,0,1,1,1,1,0
129,K2-237,253.7688479,-28.7105836,K2-237b,2457702.255,2.9278,2.18053435,59,0,1,1,1,1,0
130,K2-24,242.5734559,-24.9906029,K2-24b,2456905.795,5.48,20.8851,10,0,1,15,1,1,0
131,K2-24,242.5734559,-24.9906029,K2-24c,2456915.625,7.058,42.3633,34,0,1,12,1,1,0
132,K2-25,63.2739346,15.2477027,K2-25b,2458515.642,0.7637,3.48456248,10,0,4,62,1,1,0
133,K2-261,163.0323119,0.493167,K2-261b,2457976.642,5.138,11.6334758,13,0,1,2,1,1,0
134,K2-266,157.9356855,0.9372782,K2-266b,2457949.675,0.33336,0.658524,10,0,3,2,1,0,1
135,K2-29,62.670422,24.4016558,K2-29b,2457383.805,2.13,3.25883406,22,0,1,1,1,1,0
136,K2-30,52.3420548,22.2993491,K2-30b,2457063.807,2.355,4.09847804,19,0,1,1,1,1,0
137,K2-31,245.4405531,-23.548273,K2-31b,2457191.709,0.9816,1.25784887,72,0,2,1,1,0,1
138,K2-329,351.1353785,-5.1641451,K2-329b,2457773.157,3.621,12.4551225,10,0,2,6,1,1,0
139,K2-32,252.426008,-19.5430504,K2-32b,2456900.927,3.488,8.99183,13,0,1,10,1,1,0
140,K2-34,127.5787231,22.2359194,K2-34b,2457141.351,2.492,2.99563536,39,0,3,1,1,1,0
141,K2-36,169.4490102,3.8665038,K2-36c,2456812.84,1.3536,5.340888,10,0,2,30,1,1,0
142,KELT-10,284.5483823,-47.0033072,KELT-10b,2457066.72,3.744,4.1662541,59,0,1,1,1,1,0
143,KELT-11,161.7069053,-9.3993646,KELT-11b,2457483.431,7.1376,4.7362006,127,0,1,1,1,1,0
144,KELT-12,267.6404906,36.5701761,KELT-12b,2457083.66,5.7624,5.0316328,60,0,1,1,1,1,0
145,KELT-14,108.301409,-42.4097623,KELT-14b,2457091.029,2.1336,1.71005328,81,0,1,1,1,0,1
146,KELT-15,117.4149764,-52.1204471,KELT-15b,2457029.166,4.1256,3.329466,46,0,1,1,1,1,0
147,KELT-16,314.2685227,31.6610186,KELT-16b,2457247.248,2.4888,0.968992962,58,0,4,1,1,0,1
148,KELT-17,125.617407,13.7353093,KELT-17b,2457226.142,3.4752,3.08017985,107,0,1,1,1,1,0
149,KELT-18,216.5238248,59.4442735,KELT-18b,2457542.525,4.644,2.8716995,73,0,1,1,1,1,0
150,KELT-19A,111.5095293,7.6157759,KELT-19Ab,2457281.25,4.3944,4.6117361,113,0,1,1,1,1,0
151,KELT-1,0.3620995,39.3837953,KELT-1b,2450000.0,2.7624,1.21749415,58,0,489,1,1,0,1
152,KELT-20,294.6614126,31.2192001,KELT-20b,2457503.12,3.57552,3.47410042,285,0,1,1,1,1,0
153,KELT-21,304.8000322,32.5810446,KELT-21b,2457295.934,4.10544,3.61276958,57,0,1,1,1,1,0
154,KELT-23A,232.1466406,66.3587097,KELT-23Ab,2458140.379,2.38104,2.25528745,106,0,1,1,1,1,0
155,KELT-3,148.6431193,40.3879446,KELT-3b,2456034.295,3.1512,2.70338919,72,0,1,1,1,1,0
156,KELT-4A,157.06262,25.5731366,KELT-4Ab,2456190.302,3.46272,2.98958682,110,0,1,1,1,1,0
157,KELT-6,195.9818362,30.640145,KELT-6b,2456347.797,5.52,7.8456043,30,0,1,1,1,1,0
158,KELT-7,78.2955912,33.3179532,KELT-7b,2456355.23,3.5112,2.7347656,165,0,1,1,1,1,0
159,KELT-8,283.3054489,24.1272483,KELT-8b,2456883.48,3.4656,3.24408156,120,0,1,1,1,1,0
160,KELT-9,307.8598998,39.9389161,KELT-9b,2457095.686,3.91584,1.48111874,352,0,1,1,1,0,1
161,KOI-12,297.4537402,41.0110188,KOI-12b,2454979.596,6.788,17.8552276,18,0,1,1,1,1,0
162,KPS-1,165.167198,64.9638452,KPS-1b,2457508.37,1.68,1.70632513,25,0,4,1,1,0,1
163,Kepler-102,281.4824731,47.2078263,Kepler-102e,2454967.755,3.7236,16.14567193,10,0,2,534,1,1,0
164,Kepler-105,287.8872376,46.2761224,Kepler-105b,2454966.142,3.3,5.412203,11,0,1,16,1,1,0
165,Kepler-1517,287.8072115,43.1888008,Kepler-1517b,2454966.503,2.717,5.54608309,43,0,1,1,1,1,0
166,Kepler-18,298.0794448,44.746248,Kepler-18d,2455169.178,3.679,14.8589223,10,0,1,37,1,1,0
167,Kepler-447,285.2685283,48.5598835,Kepler-447b,2454970.26,1.135,7.79430304,30,0,2,1,1,1,0
168,Kepler-470,297.009436,50.3722829,Kepler-470b,2454965.864,7.03515,24.66919273,161,0,1,1,1,1,0
169,Kepler-63,289.2262876,49.5482814,Kepler-63b,2455010.843,2.903,9.43415035,10,0,1,6,1,1,0
170,L98-59,124.5328604,-68.3144658,L98-59b,2458366.171,0.992,2.2531154,21,0,1,221,1,1,0
171,L98-59,124.5328604,-68.3144658,L98-59c,2458367.274,1.346,3.6906716,16,0,1,85,1,1,0
172,L98-59,124.5328604,-68.3144658,L98-59d,2458362.74,0.84,7.450737,15,0,1,325,1,1,0
173,LHS1140,11.248632,-15.2741085,LHS1140c,2458389.294,1.1,3.7779329,10,0,1,1971,1,1,0
174,LHS1478,44.3388743,76.5514045,LHS1478b,2458786.754,0.705,1.9495378,10,0,2,131,1,1,0
175,LHS1678,68.1789866,-39.7908744,LHS1678b,2458998.156,0.801,0.8602322,10,0,1,335,1,1,0
176,LHS1678,68.1789866,-39.7908744,LHS1678c,2458998.456,1.23,3.694247,10,0,2,1284,1,1,0
177,LHS1678,68.1789866,-39.7908744,LHS1678d,2459000.458,1.0,4.9652229,10,0,3,2111,1,1,0
178,LHS3844,340.4962038,-69.1721081,LHS3844b,2458325.726,0.5212,0.46292964,10,0,1,13,1,1,0
179,LHS475,290.2379403,-82.5597883,LHS475b,2459822.376,0.725,2.029088,10,0,1,224,1,1,0
180,LP791-18,165.6904843,-16.4064445,LP791-18b,2458645.944,0.612,0.948005,10,0,2,330,1,1,0
181,LP791-18,165.6904843,-16.4064445,LP791-18c,2458771.055,1.167,4.9899054,10,0,1,782,1,1,0
182,LP791-18,165.6904843,-16.4064445,LP791-18d,2458772.162,0.9152,2.753436,10,0,2,4538,1,1,0
183,LTT1445A,45.4624781,-16.5944956,LTT1445Ab,2458423.426,1.3776,5.358777,22,0,1,117,1,1,0
184,LTT1445A,45.4624781,-16.5944956,LTT1445Ac,2458412.582,0.482,3.1239035,13,0,1,80,1,1,0
185,LTT3780,154.6449033,-11.717801,LTT3780b,2458543.913,0.818,0.768448,10,0,1,27,1,1,0
186,LTT3780,154.6449033,-11.717801,LTT3780c,2458546.848,1.392,12.252208,10,0,2,1357,1,1,0
187,MASCARA-1,317.5515264,10.7388967,MASCARA-1b,2458833.488,4.226,2.14878,174,0,1,1,1,1,0
188,MASCARA-4,147.5800667,-66.1139253,MASCARA-4b,2458505.817,3.96,2.8240759,166,0,1,1,1,1,0
189,NGTS-12,176.2499418,-35.640563,NGTS-12b,2458572.855,5.85,7.532806,12,0,1,1,1,1,0
190,NGTS-2,215.1227617,-31.2020698,NGTS-2b,2457759.126,4.651,4.511123,47,0,1,1,1,1,0
191,Qatar-10,284.4439052,69.5708373,Qatar-10b,2458247.907,2.772,1.64532652,42,0,1,1,1,0,1
192,Qatar-1,303.3818697,65.1623313,Qatar-1b,2456234.103,1.66104,1.420024443,44,0,2,1,1,0,1
193,Qatar-4,4.859275,44.0275965,Qatar-4b,2457637.774,2.1384,1.80536403,23,0,64,1,1,0,1
194,Qatar-6,222.2100773,22.1526136,Qatar-6b,2457784.033,1.5888,3.506195,38,0,1,1,1,1,0
195,Qatar-7,358.5151344,37.0218242,Qatar-7b,2458043.321,3.5784,2.03202332,40,0,2,1,1,1,0
196,Qatar-8,157.4123405,70.5270835,Qatar-8b,2458210.84,4.0272,3.7146458,36,0,1,1,1,1,0
197,Qatar-9,160.748095,60.9641194,Qatar-9b,2458227.756,1.8672,1.54077512,19,0,4,1,1,0,1
198,TOI-1007,112.752393,-4.463359,TOI-1007.01,2459247.931,3.953,6.9989206,50,0,1,1,0,1,0
199,TOI-1009,111.667845,-24.462111,TOI-1009.01,2459229.231,2.0065257,1.9600277,12,0,10,1,0,0,1
200,TOI-1019,120.147994,-54.878552,TOI-1019.01,2459232.447,3.7078139,5.2341008,98,0,1,1,0,1,0
201,TOI-1027,167.133275,-29.653135,TOI-1027.01,2460037.869,1.537,3.2834565,10,0,2,12,0,1,0
202,TOI-1027,167.133275,-29.653135,TOI-1027.02,2460032.533,2.715,11.02875,10,0,2,80,0,1,0
203,TOI-1027,167.133275,-29.653135,TOI-1027.03,2460032.573,1.024,5.0113292,10,0,5,40,0,1,0
204,TOI-1032,159.221506,-42.541639,TOI-1032.01,2459283.829,3.8087395,5.6643704,42,0,2,1,0,1,0
205,TOI-1036,157.867112,-42.240448,TOI-1036.01,2460037.172,2.952,3.7795212,11,0,1,1,0,1,0
206,TOI-1064,296.0039349,-47.5620305,TOI-1064c,2459043.513,2.37,12.226574,15,0,1,116,1,1,0
207,TOI-1080,276.368325,-52.214573,TOI-1080.01,2458654.06,0.987454,3.965347,10,0,3,1056,0,1,0
208,TOI-1085,77.605399,-59.535664,TOI-1085.01,2460041.175,4.341,3.2541181,33,0,1,1,0,1,0
209,TOI-1091,222.101134,-56.025931,TOI-1091.01,2459359.555,3.674,1.725841,63,0,1,1,0,0,1
210,TOI-1094,230.498827,-53.819601,TOI-1094.01,2459360.161,0.468,0.5971314,17,0,3,1,0,0,1
211,TOI-1095,133.968965,-75.926187,TOI-1095.01,2459387.422,1.779,1.4821401,28,0,14,1,0,0,1
212,TOI-1103,310.086743,-63.789963,TOI-1103.01,2459037.656,4.073,2.94308,37,0,1,1,0,1,0
213,TOI-1123,292.391505,-37.304009,TOI-1123.01,2458658.041,1.886,1.20928,103,0,1,1,0,0,1
214,TOI-1135,193.3963704,85.1294952,TOI-1135b,2459583.258,4.05,8.02773,22,0,1,1,1,1,0
215,TOI-1136,192.1848981,64.8552755,TOI-1136c,2458688.771,3.27,6.25725,10,0,2,12,1,1,0
216,TOI-1136,192.1848981,64.8552755,TOI-1136d,2458686.018,4.12,12.51937,11,0,1,5,1,1,0
217,TOI-1136,192.1848981,64.8552755,TOI-1136f,2458699.393,4.96,26.3162,10,0,1,31,1,1,0
218,TOI-1137,301.17768,30.409951,TOI-1137.01,2459770.241,1.6000996,1.3206356,41,0,2,1,0,0,1
219,TOI-1149,300.774016,26.892025,TOI-1149.01,2459770.331,2.3817612,2.3202418,134,0,1,1,0,1,0
220,TOI-1163,294.091757,19.639255,TOI-1163.01,2459441.801,2.6914319,3.0771612,151,0,1,1,0,1,0
221,TOI-1180,214.555774,82.193764,TOI-1180.01,2459950.326,2.443,9.686741,10,0,2,42,0,1,0
222,TOI-1181,297.2158166,64.3543506,TOI-1181b,2458684.406,4.057,2.103195,53,0,1,1,1,1,0
223,TOI-1184,272.20452,60.678785,TOI-1184.01,2459960.511,1.641,5.7484316,10,0,4,44,0,1,0
224,TOI-119,99.238421,-58.016153,TOI-119.01,2460189.428,2.467,5.5411114,10,0,3,35,0,1,0
225,TOI-1194,167.821481,69.964775,TOI-1194.01,2459632.288,1.317,2.3106444,25,0,1,1,0,1,0
226,TOI-1194,167.8214811,69.9647749,TOI-1194b,2459632.288,1.684,2.310644,23,0,2,1,1,1,0
227,TOI-1196,291.707693,17.808736,TOI-1196.01,2459785.498,2.517,5.5376617,37,0,2,1,0,1,0
228,TOI-1197,293.26832,15.736136,TOI-1197.01,2459787.132,4.744,4.5960377,51,0,1,1,0,1,0
229,TOI-1201,42.2476999,-14.5372835,TOI-1201b,2459169.232,1.747,2.4919726,10,0,1,33,1,1,0
230,TOI-1215,146.87585,-77.296816,TOI-1215.01,2458570.397,0.9678469,1.2124484,10,0,5,111,0,1,0
231,TOI-1224,37.197836,-80.899105,TOI-1224.01,2459363.917,1.7361547,4.1782736,10,0,3,166,0,1,0
232,TOI-1231,156.74726,-52.4678724,TOI-1231b,2458685.116,3.24,24.245586,11,0,1,694,1,1,0
233,TOI-1248,259.023592,63.105607,TOI-1248.01,2459768.44,2.2646707,4.3601536,12,0,1,2,0,1,0
234,TOI-1251,273.529238,62.858243,TOI-1251.01,2459759.179,2.951,5.9630544,15,0,2,1,0,1,0
235,TOI-1259A,282.1001665,79.2564761,TOI-1259Ab,2458686.701,2.4754,3.4779791,27,0,1,1,1,1,0
236,TOI-125,23.5934253,-66.6763495,TOI-125c,2458361.909,2.9544,9.154545,10,0,2,67,1,1,0
237,TOI-1263,309.353641,22.654366,TOI-1263.01,2459445.58,1.156,1.0228925,10,0,3,21,0,1,0
238,TOI-1264,287.242092,57.344126,TOI-1264.01,2459765.819,1.418,2.7441672,17,0,1,1,0,1,0
239,TOI-1266,197.9965833,65.8336973,TOI-1266c,2458689.959,2.05,18.80171,10,0,2,14771,1,1,0
240,TOI-1268,198.3885831,62.3053799,TOI-1268b,2458711.748,4.001,8.157728,17,0,1,1,1,1,0
241,TOI-128,79.520938,-80.964384,TOI-128.01,2460175.867,1.954,4.9404714,10,0,2,7,0,1,0
242,TOI-1288,313.1670294,65.6087833,TOI-1288b,2458712.359,2.37,2.699835,12,0,2,2,1,1,0
243,TOI-1295,256.672203,67.871503,TOI-1295.01,2459913.379,3.7533697,3.1968838,41,0,1,1,0,1,0
244,TOI-1307,283.637489,59.763193,TOI-1307.01,2459764.135,1.978,2.534612,14,0,1,1,0,1,0
245,TOI-1322,323.527361,46.931774,TOI-1322.01,2458711.45,1.437,3.37644,86,0,1,1,0,1,0
246,TOI-1350,305.395161,56.462656,TOI-1350.01,2459851.288,7.713,5.5402372,43,0,1,1,0,1,0
247,TOI-1352,334.738559,61.148988,TOI-1352.01,2458740.626,3.07,5.29625,33,0,2,1,0,1,0
248,TOI-1361,320.829517,52.8147,TOI-1361.01,2459834.553,3.4371271,2.2374051,41,0,2,1,0,1,0
249,TOI-1364,293.44357,53.464527,TOI-1364.01,2459851.846,2.026,1.7753641,22,0,6,1,0,0,1
250,TOI-138,328.926018,-61.673257,TOI-138.01,2460175.142,1.912,6.1982658,13,0,1,1,0,1,0
251,TOI-1409,339.815915,33.889459,TOI-1409.01,2459844.125,4.046,4.7182888,122,0,1,1,0,1,0
252,TOI-1410,334.882849,42.560314,TOI-1410.01,2459850.737,0.86,1.2168732,10,0,3,4,0,1,0
253,TOI-1412,233.065833,47.860746,TOI-1412.01,2459714.076,0.361,4.731977,10,0,6,12,0,1,0
254,TOI-1415,219.037047,42.378458,TOI-1415.01,2458933.178,5.1635709,14.4193583,10,0,1,3,0,1,0
255,TOI-1416,216.9234892,41.9529862,TOI-1416b,2458739.462,1.5,1.0697568,10,0,2,14,1,1,0
256,TOI-1420,322.941809,66.349005,TOI-1420.01,2459830.458,3.3628003,6.9561134,19,0,2,1,0,1,0
257,TOI-1420,322.9418092,66.3490054,TOI-1420b,2459517.433,3.372,6.9561063,76,0,1,1,1,1,0
258,TOI-1422,354.240829,39.6392793,TOI-1422b,2458745.921,4.52,12.9972,10,0,1,26,1,1,0
259,TOI-1424,344.907267,36.517666,TOI-1424.01,2459827.504,2.362418,4.8962484,10,0,3,27,0,1,0
260,TOI-1431,316.2036922,55.5880221,TOI-1431b,2458739.177,2.489,2.650237,171,0,1,1,1,1,0
261,TOI-1449,300.708664,39.668371,TOI-1449.02,2458683.581,1.6840374,2.3691849,10,0,2,12,0,1,0
262,TOI-1450,286.854063,59.086625,TOI-1450.01,2459662.336,1.008937,2.0439268,10,0,3,223,0,1,0
263,TOI-1454,300.842307,53.294181,TOI-1454.01,2459770.637,2.836,2.679411,44,0,1,1,0,1,0
264,TOI-1455,308.670288,66.440384,TOI-1455.01,2459852.06,3.431,3.623143,95,0,1,1,0,1,0
265,TOI-1460,20.610639,26.925729,TOI-1460.01,2459880.593,3.002,6.8424955,25,0,2,1,0,1,0
266,TOI-1461,22.236394,35.864854,TOI-1461.01,2458767.317,2.5811179,3.5686777,57,0,1,1,0,1,0
267,TOI-1467,19.114644,49.233138,TOI-1467.01,2458766.989,1.5478671,5.9711357,10,0,4,171,0,1,0
268,TOI-1470,10.0891431,61.2133868,TOI-1470b,2458766.47,1.28,2.527093,10,0,4,71,1,1,0
269,TOI-1472,14.114261,48.637517,TOI-1472.01,2459885.569,2.692302,6.3634106,10,0,2,8,0,1,0
270,TOI-1475,357.001275,49.790533,TOI-1475.01,2458767.618,0.9060555,8.4953513,11,0,4,2,0,1,0
271,TOI-1478,126.4337428,-13.5595485,TOI-1478b,2458607.903,4.1664,10.1803074,20,0,1,1,1,1,0
272,TOI-1482,345.994881,52.562695,TOI-1482.01,2459872.298,4.643,5.7121916,50,0,1,1,0,1,0
273,TOI-1491,14.652947,34.148042,TOI-1491.01,2459873.774,2.758,4.4902667,13,0,1,2,0,1,0
274,TOI-1516,340.0846204,69.5037313,TOI-1516b,2458765.325,2.826,2.056014,73,0,2,1,1,1,0
275,TOI-1520,350.232731,62.161179,TOI-1520.01,2459878.512,5.386,6.1461734,10,0,1,3,0,1,0
276,TOI-1527,5.965461,51.468293,TOI-1527.01,2459871.877,3.69,5.0625891,43,0,2,1,0,1,0
277,TOI-1533,355.246721,57.485242,TOI-1533.01,2459877.675,1.805,3.6458044,10,0,3,13,0,1,0
278,TOI-1533,355.246721,57.485242,TOI-1533.02,2459853.888,1.0940991,8.0629701,10,0,3,8,0,1,0
279,TOI-1538,356.995693,47.655601,TOI-1538.01,2458768.847,4.589,6.54692,12,0,1,2,0,1,0
280,TOI-1546,1.196825,41.59388,TOI-1546.01,2458764.833,1.894,1.13345,10,0,4,4,0,1,0
281,TOI-155,321.11498,-37.850181,TOI-155.01,2460168.814,4.319,5.4499753,10,0,1,1,0,1,0
282,TOI-1551,19.700387,41.506112,TOI-1551.01,2458765.111,1.202,1.67546,13,0,2,1,0,0,1
283,TOI-1553,24.690503,42.677739,TOI-1553.01,2459908.543,2.293,5.9382147,44,0,1,1,0,1,0
284,TOI-1560,29.032856,52.585482,TOI-1560.01,2459882.379,0.5351356,0.2580006,12,0,2,1,0,0,1
285,TOI-1569,43.61065,52.07103,TOI-1569.01,2458791.984,2.038,1.71614,21,0,45,1,0,0,1
286,TOI-157,73.7014398,-76.6806061,TOI-157b,2458326.548,2.14584,2.08453882,32,0,2,1,1,0,1
287,TOI-1586,11.234154,58.712058,TOI-1586.01,2458765.679,2.17,1.80794,14,0,14,1,0,0,1
288,TOI-159,51.782268,-78.549831,TOI-159.01,2459382.233,3.956,3.7628372,66,0,1,1,0,1,0
289,TOI-1606,56.660282,27.471523,TOI-1606.01,2460228.527,1.061,4.7126743,14,0,1,1,0,1,0
290,TOI-1608,50.80115,33.078133,TOI-1608.01,2459882.939,2.4406623,2.4727289,124,0,1,1,0,1,0
291,TOI-1634,56.3906096,37.1122803,TOI-1634b,2458791.515,1.027,0.989343,10,0,2,24,1,1,0
292,TOI-1637,37.893241,34.368925,TOI-1637.01,2459885.666,4.4132181,4.076684,55,0,1,1,0,1,0
293,TOI-1638,15.321545,55.69801,TOI-1638.01,2459908.441,0.6662728,0.9150623,11,0,3,3,0,1,0
294,TOI-163,79.7682532,-71.8955269,TOI-163b,2458328.88,4.93,4.2311144,39,0,1,1,1,1,0
295,TOI-1649,85.66321,35.185708,TOI-1649.01,2459930.581,2.368,3.4557842,75,0,1,1,0,1,0
296,TOI-1652,188.3547,84.678957,TOI-1652.01,2459606.321,1.38,0.6664948,14,0,3,2,0,0,1
297,TOI-166,323.196086,-44.018036,TOI-166.01,2458326.388,1.338,5.06114,10,0,2,3,0,1,0
298,TOI-167,90.662482,-64.819484,TOI-167.01,2459387.894,1.687,4.4531846,13,0,3,2,0,1,0
299,TOI-1683,65.97965,27.82237,TOI-1683.01,2460232.046,1.24,3.0575286,10,0,3,12,0,1,0
300,TOI-1688,75.797813,41.785784,TOI-1688.01,2459914.901,7.5037208,6.7171913,64,0,1,1,0,1,0
301,TOI-169,16.7786879,-75.1989452,TOI-169b,2458327.442,1.7064,2.2554454,22,0,4,1,1,1,0
302,TOI-170,54.989595,-83.088518,TOI-170.01,2459387.009,2.685,3.7115129,25,0,2,1,0,1,0
303,TOI-1709,118.629831,45.807841,TOI-1709.01,2459597.198,3.311,7.6288424,49,0,1,1,0,1,0
304,TOI-171,124.269428,-63.213403,TOI-171.01,2459359.398,1.651,1.2386034,51,0,2,1,0,0,1
305,TOI-1710,94.2838373,76.21102,TOI-1710b,2459031.23,5.24,24.283429,12,0,1,7,1,1,0
306,TOI-1717,104.628546,67.677336,TOI-1717.01,2459962.006,2.091,4.0524036,52,0,1,1,0,1,0
307,TOI-1718,112.018025,30.321732,TOI-1718.01,2460278.31,2.745,5.5870396,17,0,1,1,0,1,0
308,TOI-1728,120.6116787,64.7971531,TOI-1728b,2458843.274,1.96,3.491405,12,0,1,4,1,1,0
309,TOI-1730,107.865826,48.327933,TOI-1730.01,2459952.635,2.239,6.2262315,10,0,3,138,0,1,0
310,TOI-1730,107.865826,48.327933,TOI-1730.03,2459598.372,2.722,12.5739572,10,0,2,315,0,1,0
311,TOI-1738,54.502163,50.955115,TOI-1738.01,2458792.657,1.5474205,3.6985817,10,0,5,41,0,1,0
312,TOI-1758,354.741581,75.685232,TOI-1758.01,2459924.771,3.388,20.7050858,10,0,2,82,0,1,0
313,TOI-1759,326.8516615,62.7538164,TOI-1759b,2458745.466,3.7,18.85019,13,0,1,231,1,1,0
314,TOI-1765,234.241791,67.452579,TOI-1765.01,2459690.103,1.961,3.493958,10,0,2,4,0,1,0
315,TOI-1775,150.115101,39.457751,TOI-1775.01,2459635.364,3.538,10.2405483,12,0,1,2,0,1,0
316,TOI-1783,287.681017,64.153662,TOI-1783.01,2458871.091,1.3058497,1.4198659,10,0,4,8,0,1,0
317,TOI-1789,142.743406,26.5399951,TOI-1789b,2458873.654,2.3,3.2087183,67,0,1,1,1,1,0
318,TOI-178,7.3020115,-30.4541159,TOI-178d,2458747.146,2.346,6.5577,13,0,1,74,1,1,0
319,TOI-178,7.3020115,-30.4541159,TOI-178e,2458751.466,2.501,9.961881,10,0,2,289,1,1,0
320,TOI-178,7.3020115,-30.4541159,TOI-178g,2458748.03,2.167,20.7095,10,0,1,477,1,1,0
321,TOI-1803,178.046105,35.1718,TOI-1803.01,2459659.056,2.098,12.8858629,10,0,3,62,0,1,0
322,TOI-1806,166.118147,30.458576,TOI-1806.02,2458905.228,1.4883227,8.1960758,10,0,5,789,0,1,0
323,TOI-1807,201.2826259,38.9223671,TOI-1807b,2458899.345,0.98,0.549372,10,0,2,11,1,1,0
324,TOI-1811,188.9223576,27.2143766,TOI-1811b,2459126.368,1.951,3.7130765,22,0,2,1,1,1,0
325,TOI-1815,276.379287,63.488103,TOI-1815.01,2459854.633,5.14,2.555332,68,0,1,1,0,1,0
326,TOI-181,352.1725409,-34.4914099,TOI-181b,2458358.12,1.99,4.532,15,0,1,1,1,1,0
327,TOI-1823,196.21972,63.753261,TOI-1823.01,2459646.705,5.818,38.8135644,13,0,1,9,0,1,0
328,TOI-1829,290.877426,78.754217,TOI-1829.01,2459775.885,3.044,6.2895835,17,0,1,1,0,1,0
329,TOI-1832,256.662266,63.778635,TOI-1832.01,2459765.04,2.19,4.1508569,10,0,2,4,0,1,0
330,TOI-1835,189.839224,20.027338,TOI-1835.01,2458932.764,3.0871502,5.6419598,10,0,1,13,0,1,0
331,TOI-1837,207.905911,33.49239,TOI-1837.01,2458931.251,1.1943658,5.8182239,15,0,2,1,0,1,0
332,TOI-1842,201.9626552,9.0306437,TOI-1842b,2459402.458,4.3,9.5739,22,0,1,1,1,1,0
333,TOI-1849,208.099647,37.748612,TOI-1849.01,2459662.469,2.578,19.7258442,10,0,2,8,0,1,0
334,TOI-1850,195.761884,21.923072,TOI-1850.01,2458931.036,1.252,7.39143,12,0,4,1,0,1,0
335,TOI-1858,199.412592,22.850101,TOI-1858.01,2459691.122,1.144,2.0912089,19,0,7,1,0,0,1
336,TOI-1874,281.44921,56.381701,TOI-1874.01,2459756.864,5.638695,17.8683999,16,0,1,1,0,1,0
337,TOI-1899,299.4268472,40.1433462,TOI-1899b,2458711.958,4.67,29.02,10,0,1,45,1,1,0
338,TOI-1937A,116.3707214,-52.3832587,TOI-1937Ab,2459085.91,1.377,0.94667944,40,0,6,1,1,0,1
339,TOI-1943,183.704117,-63.086718,TOI-1943.01,2459359.816,1.72,1.742564,10,0,3,8,0,1,0
340,TOI-1949,182.772117,-52.672196,TOI-1949.01,2459331.9,3.882,4.6211026,83,0,1,1,0,1,0
341,TOI-1951,172.156226,-78.801587,TOI-1951.01,2459381.402,2.327,4.8294029,83,0,1,1,0,1,0
342,TOI-1954,165.033297,-59.978409,TOI-1954.01,2460015.194,6.5416975,4.9064175,22,0,1,1,0,1,0
343,TOI-1961,211.593423,-40.523909,TOI-1961.01,2459352.079,1.874,6.7018963,10,0,4,5,0,1,0
344,TOI-1963,221.343502,-54.761146,TOI-1963.01,2459341.024,4.0982077,12.6534664,56,0,1,1,0,1,0
345,TOI-1964,201.642206,-39.629886,TOI-1964.01,2459331.42,0.992,0.6467049,13,0,2,1,0,0,1
346,TOI-1966,209.982525,-43.327316,TOI-1966.01,2459334.476,1.0110042,0.6227257,17,0,2,1,0,0,1
347,TOI-1967,174.845028,-65.176299,TOI-1967.01,2459359.763,0.45,0.4262195,13,0,5,2,0,0,1
348,TOI-1968,212.193247,-56.322341,TOI-1968.01,2458601.957,4.297,3.97195,37,0,1,1,0,1,0
349,TOI-1970,190.720365,-53.688304,TOI-1970.01,2459359.523,2.706,2.5599662,59,0,1,1,0,1,0
350,TOI-1972,176.070255,-59.911853,TOI-1972.01,2458571.462,1.838,4.7631,10,0,3,4,0,1,0
351,TOI-1973,220.4268,-33.826133,TOI-1973.01,2459354.671,2.025,3.9194733,12,0,1,3,0,1,0
352,TOI-1981,155.59062,-63.65462,TOI-1981.01,2460063.136,3.593,2.4763492,10,0,2,2,0,1,0
353,TOI-2000,146.3970631,-66.6866307,TOI-2000c,2459110.066,3.654,9.127055,12,0,1,2,1,1,0
354,TOI-2001,128.181355,-58.575511,TOI-2001.01,2459988.668,1.7721369,2.7434565,56,0,2,1,0,1,0
355,TOI-2015,232.132653,27.361073,TOI-2015.01,2459712.929,1.207,3.3491408,10,0,2,95,0,1,0
356,TOI-2016,246.797267,42.687767,TOI-2016.02,2459739.72,1.856,2.459032,10,0,3,11,0,1,0
357,TOI-2018,229.8374423,29.2078771,TOI-2018b,2458958.258,2.36,7.435583,10,0,2,34,1,1,0
358,TOI-2031,331.117808,81.565951,TOI-2031.01,2459886.046,4.0584797,5.7156075,32,0,1,1,0,1,0
359,TOI-2035,17.73671,61.092107,TOI-2035.01,2458793.505,3.068,8.51226,12,0,2,2,0,1,0
360,TOI-2036,233.014923,24.085016,TOI-2036.01,2458981.359,1.17,1.2583329,10,0,3,1,0,0,1
361,TOI-2040,352.27473,71.506474,TOI-2040.01,2459740.365,2.571,3.8608551,31,0,2,1,0,1,0
362,TOI-2046,16.1849423,74.3313055,TOI-2046b,2457792.277,2.41,1.4971842,76,0,2,1,1,0,1
363,TOI-2051,336.295039,67.971168,TOI-2051.01,2459854.29,1.7800569,1.1633325,11,0,4,3,0,1,0
364,TOI-2076,217.3920159,39.7903991,TOI-2076b,2458847.278,3.326,10.355489,10,0,1,7,1,1,0
365,TOI-2076,217.3920159,39.7903991,TOI-2076c,2458834.662,4.215,21.01538,14,0,1,4,1,1,0
366,TOI-2076,217.3920159,39.7903991,TOI-2076d,2458837.936,3.2,35.12537,10,0,1,9,1,1,0
367,TOI-2096,151.618699,74.827211,TOI-2096.02,2458687.538,1.4551851,6.3878202,10,0,5,2468,0,1,0
368,TOI-210,88.96184,-73.985288,TOI-210.01,2459338.993,1.8443264,9.0105414,10,0,4,2327,0,1,0
369,TOI-2107,286.796541,-58.696835,TOI-2107.01,2458654.615,2.39,2.45457,44,0,1,1,0,1,0
370,TOI-2112,343.854335,70.29729,TOI-2112.01,2459729.805,5.9348633,14.0120582,14,0,1,2,0,1,0
371,TOI-2123,243.940883,17.023904,TOI-2123.01,2459691.82,3.473,10.3088372,10,0,1,11,0,1,0
372,TOI-2134,271.935501,39.072927,TOI-2134.01,2459776.714,2.927,9.2292064,16,0,1,5,0,1,0
373,TOI-2134,271.9355015,39.0729269,TOI-2134b,2459407.545,2.995,9.2292005,15,0,1,10,1,1,0
374,TOI-2134,271.9355015,39.0729269,TOI-2134c,2459718.969,5.267,95.5,40,0,1,65,1,1,0
375,TOI-2154,71.0281482,84.3642652,TOI-2154b,2459148.602,2.465,3.8240801,49,0,1,1,1,1,0
376,TOI-2157,261.71771,25.84927,TOI-2157.01,2459764.11,2.311,8.4249043,29,0,1,1,0,1,0
377,TOI-216,73.9800129,-63.2603301,TOI-216.02,2458325.327,2.062,17.203,10,0,1,15,1,1,0
378,TOI-218,58.422001,-68.738628,TOI-218.01,2458325.539,0.8003617,0.4384776,10,0,5,938,0,1,0
379,TOI-2183,283.489697,37.380825,TOI-2183.01,2459789.284,5.442,6.5011256,23,0,1,1,0,1,0
380,TOI-2190,311.751171,-38.670656,TOI-2190.01,2459041.22,4.347056,5.3153476,26,0,1,1,0,1,0
381,TOI-2193A,313.691232,-72.8046404,TOI-2193Ab,2459052.421,1.64688,2.1225735,76,0,1,1,1,0,1
382,TOI-2195,34.840097,-72.708894,TOI-2195.01,2459039.461,2.0298334,4.1645693,14,0,1,1,0,1,0
383,TOI-2200,98.783507,-72.456778,TOI-2200.01,2459384.87,2.118,2.9360281,10,0,1,2,0,1,0
384,TOI-2203,325.104572,-54.034226,TOI-2203.01,2459038.655,3.0708372,3.05631,39,0,1,1,0,1,0
385,TOI-2222,119.185192,-67.071931,TOI-2222.01,2459386.42,3.155,2.2456869,30,0,1,1,0,1,0
386,TOI-2226,333.559598,-59.568325,TOI-2226.01,2460179.543,0.635,0.9017685,11,0,3,1,0,0,1
387,TOI-2243,310.483615,-38.878009,TOI-2243.01,2459040.094,4.428,5.41418,78,0,1,1,0,1,0
388,TOI-2244,308.563502,-48.274841,TOI-2244.01,2459039.628,1.036,5.46377,28,0,7,1,0,1,0
389,TOI-2267,65.061496,84.900824,TOI-2267.01,2458816.152,1.0311342,3.4950422,10,0,3,1747,0,1,0
390,TOI-2267,65.061496,84.900824,TOI-2267.02,2458817.092,0.958248,2.0344366,10,0,2,1504,0,1,0
391,TOI-2267,65.061496,84.900824,TOI-2267.03,2458818.073,0.8344032,2.2891027,10,0,2,1340,0,1,0
392,TOI-2274,277.459311,40.541412,TOI-2274.01,2459392.786,1.1615324,2.6796118,10,0,5,37,0,1,0
393,TOI-2290,321.599582,68.640531,TOI-2290.01,2458764.987,0.9122445,0.3862197,10,0,6,35,0,1,0
394,TOI-2300,297.416187,68.883354,TOI-2300.02,2459646.962,3.8493075,15.4432661,10,0,2,28,0,1,0
395,TOI-2313,354.816867,-78.746529,TOI-2313.01,2459063.003,1.4317665,1.8904029,12,0,2,2,0,1,0
396,TOI-2324,337.887071,-23.16505,TOI-2324.01,2460178.993,2.93,1.0361758,10,0,2,3,0,1,0
397,TOI-2325,343.544632,-36.287777,TOI-2325.01,2459083.395,1.509,4.26991,18,0,2,1,0,1,0
398,TOI-233,343.708612,-18.912445,TOI-233.01,2458365.261,2.0889054,11.6700392,10,0,3,1168,0,1,0
399,TOI-233,343.708612,-18.912445,TOI-233.02,2458359.463,1.4193583,7.2015327,10,0,5,704,0,1,0
400,TOI-2346,88.092907,-13.372469,TOI-2346.01,2459224.056,3.705,3.3311975,36,0,1,1,0,1,0
401,TOI-2347,52.487605,-0.904217,TOI-2347.01,2459169.739,1.397,1.1736318,10,0,7,1,0,0,1
402,TOI-2350,97.408122,-21.994385,TOI-2350.02,2458480.359,2.643,4.8714085,10,0,3,12,0,1,0
403,TOI-2355,199.021029,-33.76396,TOI-2355.01,2459332.175,2.335,1.2709769,10,0,3,5,0,1,0
404,TOI-2359,83.818664,6.587708,TOI-2359.01,2458486.393,7.191,5.1858,42,0,1,1,0,1,0
405,TOI-2364,89.1300265,-5.0120298,TOI-2364b,2459058.214,2.7751,4.0197517,10,0,1,1,1,1,0
406,TOI-2367,333.111347,-26.92637,TOI-2367.01,2459084.787,3.734,5.74984,19,0,2,1,0,1,0
407,TOI-2374,319.498241,-22.049823,TOI-2374.01,2458326.555,1.709,4.31362,12,0,1,1,0,1,0
408,TOI-2375,335.74211,30.573268,TOI-2375.01,2459850.541,1.808,6.1600755,19,0,2,1,0,1,0
409,TOI-2390,5.128602,-61.386174,TOI-2390.01,2459063.929,1.9960996,2.1194575,11,0,11,1,0,0,1
410,TOI-2397,18.496744,-6.826842,TOI-2397.01,2459136.967,3.947,6.00327,10,0,2,3,0,1,0
411,TOI-2398,173.703285,-25.604717,TOI-2398.01,2459285.441,1.961,19.4061437,10,0,4,8,0,1,0
412,TOI-2401,146.44726,-25.457737,TOI-2401.01,2460012.074,3.651,5.8681984,58,0,1,1,0,1,0
413,TOI-2407,49.746545,-46.458025,TOI-2407.01,2459116.621,1.6998642,2.7029187,10,0,2,22,0,1,0
414,TOI-2408,18.24241,-32.966016,TOI-2408.01,2459128.296,3.061,9.4636148,10,0,2,20,0,1,0
415,TOI-2421,33.1540208,-35.3909182,TOI-2421b,2458957.028,4.8624,4.3474032,15,0,1,1,1,1,0
416,TOI-2422,24.884512,-7.394729,TOI-2422.01,2459131.394,4.91,18.23603,14,0,1,4,0,1,0
417,TOI-243,3.394115,-31.334403,TOI-243.01,2458356.618,4.3114755,3.4373093,67,0,1,1,0,1,0
418,TOI-2431,37.765299,8.381625,TOI-2431.01,2460258.869,0.292,0.224195,11,0,4,3,0,0,1
419,TOI-2432,45.112779,0.380842,TOI-2432.01,2459168.252,1.491,1.82738,16,0,12,1,0,0,1
420,TOI-2449,67.984371,-34.455533,TOI-2449.01,2459186.902,7.792,16.6542431,16,0,1,1,0,1,0
421,TOI-244,10.5697537,-36.7179743,TOI-244b,2458357.363,1.7,7.39726,10,0,2,846,1,1,0
422,TOI-245,345.779176,-33.500473,TOI-245.01,2458361.551,1.2351076,8.7709212,11,0,2,2,0,1,0
423,TOI-2450,77.952525,6.795745,TOI-2450.01,2459179.177,4.3420932,17.8832414,10,0,1,17,0,1,0
424,TOI-2469,70.308489,-15.672123,TOI-2469.01,2459198.81,3.225,2.3767548,91,0,1,1,0,1,0
425,TOI-2473,74.374979,10.416737,TOI-2473.01,2459199.203,2.756,1.2311781,35,0,1,1,0,0,1
426,TOI-2484,219.734215,37.02674,TOI-2484.01,2459686.112,2.517,8.3272872,10,0,2,9,0,1,0
427,TOI-2486,59.85217,-36.476026,TOI-2486.01,2459144.538,1.8428292,1.5411563,10,0,2,7,0,1,0
428,TOI-2487,42.888322,-81.006992,TOI-2487.01,2459382.604,3.141,3.4024655,21,0,2,1,0,1,0
429,TOI-2489,332.553092,-45.049614,TOI-2489.01,2459062.945,1.3367863,1.426951,10,0,2,1,0,0,1
430,TOI-2491,87.283391,9.627515,TOI-2491.01,2459205.125,2.5599954,5.92777,47,0,1,1,0,1,0
431,TOI-2492,90.099738,5.11447,TOI-2492.01,2459202.054,5.2130427,10.1011438,29,0,1,1,0,1,0
432,TOI-2494,90.159529,0.131482,TOI-2494.01,2459210.732,1.976,8.3761316,11,0,2,1,0,1,0
433,TOI-2516,109.0444,-17.453065,TOI-2516.01,2459252.876,7.906,5.4927168,63,0,1,1,0,1,0
434,TOI-251,353.0620655,-37.2558629,TOI-251b,2458357.305,2.232,4.9377254,10,0,3,16,1,1,0
435,TOI-252,57.553653,-63.053919,TOI-252.01,2460041.402,0.5001924,1.0021853,12,0,4,3,0,1,0
436,TOI-2539,93.038442,-30.787931,TOI-2539.01,2459202.613,1.5285482,0.985586,10,0,4,2,0,0,1
437,TOI-2540,82.558548,-42.697946,TOI-2540.01,2458480.944,3.1582562,12.7187255,10,0,1,47,0,1,0
438,TOI-2540,82.558548,-42.697946,TOI-2540.02,2459223.146,3.073,22.0819969,10,0,1,215,0,1,0
439,TOI-2541,80.508824,-25.722355,TOI-2541.01,2459199.006,2.702,1.4118418,12,0,7,1,0,0,1
440,TOI-2549,121.98269,-44.666911,TOI-2549.01,2459230.289,5.7405699,4.8580501,44,0,1,1,0,1,0
441,TOI-2552,115.918702,-10.257081,TOI-2552.01,2459230.693,1.8215643,2.3701119,10,0,3,18,0,1,0
442,TOI-2557,119.245948,-49.473563,TOI-2557.01,2459238.558,3.7879213,9.8305096,32,0,1,1,0,1,0
443,TOI-2561,318.600471,66.404803,TOI-2561.01,2459852.046,3.142,2.7754004,29,0,2,1,0,1,0
444,TOI-2567,288.4656683,66.3479375,TOI-2567b,2459007.781,5.4576,5.983944,13,0,1,2,1,1,0
445,TOI-2568,115.680423,1.361299,TOI-2568.01,2459251.584,3.522,3.4843271,29,0,1,1,0,1,0
446,TOI-2570,87.1880397,32.0840435,TOI-2570b,2459393.145,3.00648,2.9887615,25,0,1,1,1,1,0
447,TOI-2576,83.653961,30.406374,TOI-2576.01,2459544.238,3.171,3.8229149,24,0,2,1,0,1,0
448,TOI-2578,68.052102,52.252655,TOI-2578.01,2459911.48,2.6231719,3.4580018,38,0,2,1,0,1,0
449,TOI-257,47.5172608,-50.8322632,TOI-257b,2458385.76,6.485,18.387686,20,0,1,1,1,1,0
450,TOI-2580,62.199207,67.116526,TOI-2580.01,2458839.453,4.502,3.397862,74,0,1,1,0,1,0
451,TOI-2583A,272.2670293,45.3368996,TOI-2583Ab,2459216.01,4.406,4.5207265,17,0,1,1,1,1,0
452,TOI-2587A,115.9317105,-1.073333,TOI-2587Ab,2458950.092,4.162,5.45664,17,0,1,1,1,1,0
453,TOI-2591,98.024193,11.852283,TOI-2591.01,2459544.882,3.733,8.493027,55,0,1,1,0,1,0
454,TOI-2593,105.223561,8.095671,TOI-2593.01,2459226.38,1.677,1.4711386,10,0,3,1,0,0,1
455,TOI-2596,98.01194,-5.479794,TOI-2596.01,2459220.287,1.835,16.2709828,10,0,1,8,0,1,0
456,TOI-2598,91.233761,-1.134248,TOI-2598.01,2459226.801,1.146,5.73436,23,0,3,1,0,1,0
457,TOI-2602,136.507536,-39.548224,TOI-2602.01,2459991.063,6.0205683,7.234064,30,0,1,1,0,1,0
458,TOI-2612,86.441717,-61.660023,TOI-2612.01,2459379.018,4.947,13.3572104,20,0,1,1,0,1,0
459,TOI-2614,17.195291,-78.17312,TOI-2614.01,2459037.589,3.2645009,4.8103038,24,0,1,1,0,1,0
460,TOI-2620,42.919909,-80.675467,TOI-2620.01,2459370.157,3.548,10.3558635,14,0,2,1,0,1,0
461,TOI-2641,171.1303716,-42.7321394,TOI-2641b,2459332.213,1.68,4.880974,41,0,1,1,1,1,0
462,TOI-2645,67.136823,-56.515644,TOI-2645.01,2459389.313,2.134,1.4436706,80,0,1,1,0,0,1
463,TOI-2659,41.060793,-40.196949,TOI-2659.01,2459140.202,1.795,1.2558789,37,0,2,1,0,0,1
464,TOI-2665,134.15896,-34.628475,TOI-2665.01,2460009.765,2.556,2.8456505,14,0,1,1,0,1,0
465,TOI-2668,137.028642,-39.350904,TOI-2668.01,2459279.678,1.013,1.1159326,13,0,3,2,0,1,0
466,TOI-2673,130.932185,-26.980824,TOI-2673.01,2460011.626,2.178,1.9126596,10,0,3,6,0,1,0
467,TOI-2676,35.419766,0.513621,TOI-2676.01,2459168.079,3.901,3.4082154,22,0,2,1,0,1,0
468,TOI-2689,52.68049,-22.003846,TOI-2689.01,2459164.871,2.242,3.4180406,10,0,2,5,0,1,0
469,TOI-2704,85.704592,-25.996545,TOI-2704.01,2459225.757,3.509,3.6364993,23,0,1,1,0,1,0
470,TOI-2713,63.150132,-12.317659,TOI-2713.01,2459197.326,0.939,1.2434016,11,0,3,4,0,1,0
471,TOI-2728,96.814362,-3.235402,TOI-2728.01,2459227.292,1.979,1.7246234,30,0,3,1,0,0,1
472,TOI-2729,90.095814,-3.757326,TOI-2729.01,2459211.896,2.108,4.0350169,19,0,2,1,0,1,0
473,TOI-2735,88.785064,-38.388989,TOI-2735.01,2459226.437,1.637,1.9663653,25,0,2,1,0,0,1
474,TOI-2741,104.005957,-0.442588,TOI-2741.01,2459210.247,3.575,2.9884191,39,0,1,1,0,1,0
475,TOI-2745,104.377746,3.994035,TOI-2745.01,2459211.946,3.299,1.7932884,74,0,1,1,0,0,1
476,TOI-2757,104.335512,-14.109962,TOI-2757.01,2459221.438,2.694,3.4813976,39,0,1,1,0,1,0
477,TOI-2762,104.244375,-19.683669,TOI-2762.01,2459220.661,3.366,3.9072351,21,0,2,1,0,1,0
478,TOI-2766,106.631185,-53.534681,TOI-2766.01,2459301.369,3.779,7.2748135,29,0,1,1,0,1,0
479,TOI-2767,100.642573,-20.24152,TOI-2767.01,2459227.248,1.318,0.934057,13,0,157,2,0,0,1
480,TOI-2768,99.364134,-15.481203,TOI-2768.01,2459225.647,1.032,1.5080197,10,0,3,10,0,1,0
481,TOI-2778,84.626068,-9.83753,TOI-2778.01,2459198.537,2.737,4.4445101,30,0,1,1,0,1,0
482,TOI-278,4.883562,-5.911561,TOI-278.01,2458381.776,0.6216205,0.298731,10,0,2,4,0,0,1
483,TOI-2781,87.820416,-13.381044,TOI-2781.01,2459226.428,1.279,2.7636665,10,0,2,7,0,1,0
484,TOI-2783,83.450594,16.810667,TOI-2783.01,2459547.675,3.102,2.3044132,52,0,1,1,0,1,0
485,TOI-279,41.18845,-32.211043,TOI-279.01,2459168.43,3.698,11.4707838,10,0,2,94,0,1,0
486,TOI-2790,85.967216,16.360063,TOI-2790.01,2459547.21,3.553,2.3341583,47,0,1,1,0,1,0
487,TOI-2796,84.1527191,0.8962788,TOI-2796b,2459026.489,1.96,4.8084983,30,0,1,1,1,1,0
488,TOI-2798,91.437408,-33.187516,TOI-2798.01,2459221.168,4.436,3.994474,28,0,1,1,0,1,0
489,TOI-2803A,93.1147397,-23.4924956,TOI-2803Ab,2459207.686,3.091,1.96229325,51,0,1,1,1,0,1
490,TOI-2804,146.418889,-38.887361,TOI-2804.01,2459991.19,0.9062451,4.8033954,11,0,3,2,0,1,0
491,TOI-2814,116.249354,-48.750526,TOI-2814.01,2459964.944,4.7009896,5.479335,31,0,1,1,0,1,0
492,TOI-2818,119.0598183,-35.1167104,TOI-2818b,2459023.446,3.804,4.039709,34,0,1,1,1,1,0
493,TOI-2819,109.783871,12.776861,TOI-2819.01,2459222.517,2.073,4.3905548,32,0,2,1,0,1,0
494,TOI-2823,125.179823,-25.691466,TOI-2823.01,2459244.237,3.328,4.7962078,65,0,1,1,0,1,0
495,TOI-2826,102.832655,-11.586243,TOI-2826.01,2459224.572,2.621,1.9275568,315,0,1,1,0,0,1
496,TOI-2833,120.662363,-49.593238,TOI-2833.02,2459964.103,2.1094288,1.8947564,12,0,2,3,0,1,0
497,TOI-2834,124.385982,-28.046133,TOI-2834.01,2459245.467,3.239,4.6391531,30,0,1,1,0,1,0
498,TOI-2842,108.0442066,-10.63934,TOI-2842b,2459172.179,2.575,3.5514058,17,0,1,1,1,1,0
499,TOI-2847,116.689433,-39.131536,TOI-2847.01,2459250.188,2.131,2.648845,23,0,3,1,0,1,0
500,TOI-2854,109.100834,-4.730664,TOI-2854.01,2459227.231,1.419,0.9008643,13,0,32,1,0,0,1
501,TOI-2857,120.614522,-35.485708,TOI-2857.01,2459962.906,1.1570716,0.6216031,11,0,3,1,0,0,1
502,TOI-2859,107.27446,-39.164377,TOI-2859.01,2459253.079,3.5,3.9589903,28,0,1,1,0,1,0
503,TOI-287,356.283058,-17.449264,TOI-287.01,2459089.656,2.0137346,3.7815683,22,0,3,1,0,1,0
504,TOI-2870,111.797558,14.957871,TOI-2870.01,2459577.91,1.757,5.7655904,25,0,2,1,0,1,0
505,TOI-2872,119.619171,-35.664564,TOI-2872.01,2459963.999,2.584,5.2201338,29,0,2,1,0,1,0
506,TOI-2876,110.247353,-21.114638,TOI-2876.01,2459248.364,1.918,6.2996307,13,0,4,2,0,1,0
507,TOI-2886,110.007657,-10.569841,TOI-2886.01,2459251.74,2.625,1.6020002,72,0,1,1,0,0,1
508,TOI-2887,121.985508,-39.014522,TOI-2887.01,2459966.388,3.7931445,4.9182798,22,0,1,1,0,1,0
509,TOI-2896,128.916062,-62.114976,TOI-2896.01,2460042.381,1.589,1.3475728,11,0,21,1,0,0,1
510,TOI-2901,140.609503,-52.043622,TOI-2901.01,2459303.995,4.283,4.6086828,47,0,1,1,0,1,0
511,TOI-2920,148.043561,-34.637781,TOI-2920.01,2459300.973,2.847,3.2003149,30,0,1,1,0,1,0
512,TOI-2925,145.470604,-41.4836,TOI-2925.01,2459302.564,1.257,1.5720089,13,0,4,1,0,0,1
513,TOI-2932,133.035477,-46.012169,TOI-2932.01,2459990.683,3.689,3.2569118,25,0,2,1,0,1,0
514,TOI-2938,145.935851,-25.544412,TOI-2938.01,2459272.924,2.504,4.942456,21,0,2,1,0,1,0
515,TOI-2946,135.596925,-70.947587,TOI-2946.01,2459331.564,1.849,4.9186433,11,0,4,1,0,1,0
516,TOI-2952,134.192664,-68.510453,TOI-2952.01,2459351.668,2.021,10.7844934,10,0,1,60,0,1,0
517,TOI-2955,155.862144,-55.935756,TOI-2955.01,2459331.664,1.366,0.5542332,28,0,4,1,0,0,1
518,TOI-2958,153.250338,-58.763396,TOI-2958.01,2459329.816,2.62,1.9905105,10,0,1,1,0,0,1
519,TOI-2966,150.73136,-48.628391,TOI-2966.01,2458594.215,2.066,1.5245307,13,0,52,1,0,0,1
520,TOI-2989,171.231675,-27.062362,TOI-2989.01,2459302.225,2.18,3.1228396,21,0,2,1,0,1,0
521,TOI-2991,164.359312,-34.690336,TOI-2991.01,2459304.8,2.545,5.5809252,10,0,2,4,0,1,0
522,TOI-2995,150.061473,-44.016324,TOI-2995.01,2460015.454,2.847,1.6566182,30,0,2,1,0,0,1
523,TOI-2996,149.079889,-46.62453,TOI-2996.01,2458568.333,3.255,2.3607613,10,0,2,4,0,1,0
524,TOI-2997,148.72505,-43.688471,TOI-2997.01,2459989.324,4.1301608,2.2060441,36,0,1,1,0,1,0
525,TOI-2998,147.174566,-46.080575,TOI-2998.01,2459303.241,2.297,1.5297119,11,0,31,1,0,0,1
526,TOI-3000,168.196196,-32.852693,TOI-3000.01,2459296.646,3.249,5.20807,22,0,1,1,0,1,0
527,TOI-3001,143.945436,-52.371382,TOI-3001.01,2459302.297,3.329,2.090218,24,0,2,1,0,1,0
528,TOI-3010,136.943889,-61.011529,TOI-3010.01,2459318.201,3.414,9.5537684,22,0,1,1,0,1,0
529,TOI-3017,133.702194,-55.479525,TOI-3017.01,2459300.7,3.333,3.052529,30,0,1,1,0,1,0
530,TOI-302,17.481278,-52.239486,TOI-302.01,2458356.682,1.579,6.70145,10,0,4,7,0,1,0
531,TOI-3023,165.3158231,-72.3567044,TOI-3023b,2459071.192,4.961,3.9014971,36,0,1,1,1,1,0
532,TOI-3028,169.881185,-64.90164,TOI-3028.01,2459359.564,4.811,3.0525705,12,0,1,3,0,1,0
533,TOI-3037,179.184668,-56.756623,TOI-3037.01,2459328.687,3.272,2.1357662,30,0,1,1,0,1,0
534,TOI-3039,153.120744,-67.255542,TOI-3039.01,2459357.446,2.6,3.412893,24,0,2,1,0,1,0
535,TOI-3040,151.501627,-66.898002,TOI-3040.01,2459359.719,2.587,3.5366051,23,0,3,1,0,1,0
536,TOI-3041,149.324748,-68.779105,TOI-3041.01,2459359.135,3.523,2.9599541,42,0,1,1,0,1,0
537,TOI-3045,156.217054,-69.29013,TOI-3045.01,2459356.118,3.528,2.3304358,40,0,1,1,0,1,0
538,TOI-3053,148.573222,-64.296904,TOI-3053.01,2459358.508,2.614,2.9919962,24,0,2,1,0,1,0
539,TOI-3059,155.307542,-58.537011,TOI-3059.01,2460041.489,2.809,1.3935975,45,0,1,1,0,0,1
540,TOI-3065,150.38774,-59.339479,TOI-3065.01,2459330.554,2.305,1.6995805,19,0,9,1,0,0,1
541,TOI-3069,158.941809,-50.498637,TOI-3069.01,2459303.647,0.899,3.8277062,12,0,4,2,0,1,0
542,TOI-3071,173.279052,-56.503387,TOI-3071.01,2459331.967,1.93,1.2669382,10,0,2,1,0,0,1
543,TOI-3076,157.399234,-53.658868,TOI-3076.01,2459331.762,1.902,7.8595931,151,0,1,1,0,1,0
544,TOI-3078,146.555933,-56.299385,TOI-3078.01,2460014.89,0.82,0.5496848,16,0,22,1,0,0,1
545,TOI-3090,152.074959,-53.287048,TOI-3090.01,2459331.296,3.667,6.3272169,10,0,1,8,0,1,0
546,TOI-3091,166.624264,-56.05583,TOI-3091.01,2459331.05,3.84,2.7499877,68,0,1,1,0,1,0
547,TOI-3092,149.573667,-58.926569,TOI-3092.01,2459331.27,1.81,4.4163989,11,0,4,3,0,1,0
548,TOI-3098,173.137772,-46.315267,TOI-3098.01,2460015.104,4.1038025,4.7323433,43,0,1,1,0,1,0
549,TOI-3099,172.108389,-45.016427,TOI-3099.01,2459330.065,2.239,2.5543095,23,0,3,1,0,1,0
550,TOI-3104,149.263633,-49.750476,TOI-3104.01,2458588.299,2.599,10.3069451,10,0,2,24,0,1,0
551,TOI-3106,198.648685,-30.722726,TOI-3106.01,2459331.915,1.789,1.485163,19,0,3,1,0,0,1
552,TOI-3107,196.726352,-31.716391,TOI-3107.01,2459330.174,4.468,4.7343852,28,0,1,1,0,1,0
553,TOI-3116,165.951263,-48.526307,TOI-3116.01,2460014.722,2.0820857,1.6484941,12,0,13,1,0,0,1
554,TOI-3126,177.840549,-76.87837,TOI-3126.01,2459386.794,1.835,1.8246123,36,0,1,1,0,0,1
555,TOI-3127,219.336233,-24.958522,TOI-3127.01,2459357.946,1.878,3.606557,28,0,3,1,0,1,0
556,TOI-3134,212.675539,-66.457671,TOI-3134.01,2458649.589,2.969,2.2308431,40,0,1,1,0,1,0
557,TOI-3135,207.859228,-69.772563,TOI-3135.01,2459357.945,1.98,3.7065603,34,0,2,1,0,1,0
558,TOI-3136,205.332577,-79.40995,TOI-3136.01,2459388.272,2.836,2.6841894,48,0,1,1,0,1,0
559,TOI-3143,216.568723,-63.050473,TOI-3143.01,2459354.834,3.042,2.9902369,186,0,1,1,0,1,0
560,TOI-3145,190.950263,-76.69611,TOI-3145.01,2459382.329,2.713,3.5505931,44,0,1,1,0,1,0
561,TOI-3149,223.977871,-61.063084,TOI-3149.01,2459359.711,3.377,1.1542402,24,0,1,1,0,0,1
562,TOI-3151,225.524773,-55.288205,TOI-3151.01,2459358.412,1.375,1.7257597,35,0,2,1,0,0,1
563,TOI-3153,165.732079,-60.196871,TOI-3153.01,2460014.805,1.6434889,1.1216021,31,0,1,1,0,0,1
564,TOI-3154,162.663087,-60.847019,TOI-3154.01,2460014.877,4.414595,4.0333818,31,0,1,1,0,1,0
565,TOI-3155,203.531487,-59.575607,TOI-3155.01,2459355.282,1.143,4.6492201,10,0,3,1,0,1,0
566,TOI-3156,202.922779,-58.998117,TOI-3156.01,2459359.101,1.49,0.7463239,58,0,1,1,0,0,1
567,TOI-3160,224.565856,-27.68255,TOI-3160.01,2459355.823,2.606,3.9712794,27,0,2,1,0,1,0
568,TOI-3161,201.760571,-53.448129,TOI-3161.01,2460041.774,2.22,1.4010338,39,0,1,1,0,0,1
569,TOI-3162,190.402872,-65.797305,TOI-3162.01,2460041.73,3.5874714,1.5755252,32,0,4,1,0,0,1
570,TOI-3163,191.088792,-55.013313,TOI-3163.01,2459357.895,2.67,3.0749168,32,0,2,1,0,1,0
571,TOI-3167,219.168773,-57.009862,TOI-3167.01,2459355.199,2.545,3.0959309,36,0,1,1,0,1,0
572,TOI-3168,214.225596,-55.013245,TOI-3168.01,2459354.568,2.441,5.1745185,25,0,3,1,0,1,0
573,TOI-3170,167.095117,-71.234231,TOI-3170.01,2459356.724,1.956,1.8923031,17,0,17,1,0,0,1
574,TOI-3177,183.95117,-64.567485,TOI-3177.01,2459359.634,1.945,2.114655,31,0,2,1,0,0,1
575,TOI-3179,155.142566,-62.650952,TOI-3179.01,2459327.566,1.834,4.7076648,30,0,2,1,0,1,0
576,TOI-3180,152.638846,-67.577925,TOI-3180.01,2459359.742,1.217,2.0963263,20,0,14,1,0,0,1
577,TOI-3187,197.579939,-48.908885,TOI-3187.01,2459359.08,2.6,2.0084283,29,0,7,1,0,0,1
578,TOI-3192,196.373989,-66.385163,TOI-3192.01,2459356.691,3.102,2.2350331,56,0,1,1,0,1,0
579,TOI-3195,216.271435,-53.504985,TOI-3195.01,2459360.096,1.117,0.6676722,33,0,5,1,0,0,1
580,TOI-3198,225.760711,-37.303281,TOI-3198.01,2459359.017,2.386,2.1271199,25,0,3,1,0,1,0
581,TOI-3200,213.082385,-53.704865,TOI-3200.01,2459356.724,1.535,6.3087809,10,0,2,2,0,1,0
582,TOI-3202,212.54751,-51.453035,TOI-3202.01,2459358.004,1.241,1.5169786,10,0,3,3,0,1,0
583,TOI-3206,206.103286,-64.496601,TOI-3206.01,2459357.915,3.344,1.9405161,27,0,2,1,0,0,1
584,TOI-3210,173.340353,-63.341897,TOI-3210.01,2459359.909,2.49,2.2364485,53,0,1,1,0,1,0
585,TOI-3219,178.575415,-62.37515,TOI-3219.01,2459358.274,3.856,3.2969977,22,0,2,1,0,1,0
586,TOI-322,63.825203,-56.253674,TOI-322.01,2459177.74,3.6253633,3.9905688,40,0,1,1,0,1,0
587,TOI-3220,178.357087,-61.097733,TOI-3220.01,2459350.857,3.868,7.4316274,51,0,1,1,0,1,0
588,TOI-3223,180.606425,-66.529163,TOI-3223.01,2459358.776,5.755,4.633735,439,0,1,1,0,1,0
589,TOI-3225,220.32663,-61.611797,TOI-3225.01,2459357.364,3.522,9.1509453,10,0,1,12,0,1,0
590,TOI-3228,168.864866,-66.837395,TOI-3228.01,2459358.15,1.368,1.8118703,37,0,3,1,0,0,1
591,TOI-3229,173.708318,-64.73169,TOI-3229.01,2459355.167,3.863,5.21228,28,0,1,1,0,1,0
592,TOI-3233,174.569775,-56.962612,TOI-3233.01,2459331.769,1.754,0.9787891,33,0,2,1,0,0,1
593,TOI-3235,207.4738488,-46.0665139,TOI-3235b,2459690.002,1.48,2.59261842,14,0,1,1,1,1,0
594,TOI-3238,208.889334,-52.524511,TOI-3238.01,2458619.089,3.621,3.224746,13,0,2,2,0,1,0
595,TOI-3241,204.13817,-51.044343,TOI-3241.01,2459351.726,2.445,6.8380862,35,0,1,1,0,1,0
596,TOI-3242,211.181028,-55.447698,TOI-3242.01,2459356.23,2.892,3.0001627,26,0,2,1,0,1,0
597,TOI-3244,207.892594,-59.762737,TOI-3244.01,2458620.952,2.863,4.6606892,39,0,1,1,0,1,0
598,TOI-325,13.877098,-33.512305,TOI-325.01,2458357.721,1.308,4.36907,10,0,3,6,0,1,0
599,TOI-3252,209.185479,-35.288854,TOI-3252.01,2459352.704,2.407,4.3636327,12,0,3,2,0,1,0
600,TOI-3258,157.014455,-85.529118,TOI-3258.01,2459360.105,1.69,1.227961,10,0,4,9,0,1,0
601,TOI-326,356.11482,-46.866601,TOI-326.01,2458354.26,0.499,0.24733,66,0,4,1,0,0,1
602,TOI-3261,47.728524,-73.531972,TOI-3261.01,2459112.397,1.464,0.8831279,10,0,4,6,0,1,0
603,TOI-3268,60.057545,-87.911943,TOI-3268.01,2459387.335,1.42,1.8641295,13,0,2,2,0,1,0
604,TOI-3270,290.676649,-76.322332,TOI-3270.01,2459384.723,2.217,6.4751256,16,0,2,1,0,1,0
605,TOI-3273,318.360827,-66.481594,TOI-3273.01,2459052.958,2.874,4.2955192,21,0,2,1,0,1,0
606,TOI-3277,290.856966,-54.330649,TOI-3277.01,2459058.439,1.688,1.5265889,27,0,3,1,0,0,1
607,TOI-3279,11.092003,-75.629805,TOI-3279.01,2459059.812,0.582,0.4191361,11,0,8,1,0,0,1
608,TOI-3285,295.315233,-35.246927,TOI-3285.01,2459058.995,2.856,2.7022764,27,0,2,1,0,1,0
609,TOI-3289,289.343349,-33.054784,TOI-3289.01,2459059.528,1.434,1.4259934,16,0,33,1,0,0,1
610,TOI-3294,279.640407,-62.301798,TOI-3294.01,2458680.361,2.425,2.5658729,30,0,2,1,0,1,0
611,TOI-3298,274.804997,-71.793902,TOI-3298.01,2459388.725,1.731,3.0537856,32,0,2,1,0,1,0
612,TOI-330,358.751682,-22.538908,TOI-330.01,2458355.692,2.403564,4.2795548,12,0,3,2,0,1,0
613,TOI-3302,185.130699,-84.916673,TOI-3302.01,2459389.246,1.431,1.5570251,11,0,28,1,0,0,1
614,TOI-3314,279.610687,-40.802254,TOI-3314.01,2458679.635,1.363,1.3677581,22,0,10,1,0,0,1
615,TOI-3321,265.760335,-65.008252,TOI-3321.01,2458681.489,4.153,3.6525305,48,0,1,1,0,1,0
616,TOI-3322,265.087598,-63.251885,TOI-3322.01,2459387.911,1.235,1.0571733,21,0,34,1,0,0,1
617,TOI-3330,268.693269,-53.392923,TOI-3330.01,2459387.736,1.317,1.0815202,40,0,2,1,0,0,1
618,TOI-3331A,271.3241672,-34.107171,TOI-3331Ab,2459371.653,2.12304,2.0180231,41,0,4,1,1,0,1
619,TOI-3334,276.041754,-51.036649,TOI-3334.01,2458680.863,3.075,1.9242952,31,0,1,1,0,0,1
620,TOI-3344,272.450977,-31.891545,TOI-3344.01,2458678.654,3.793,3.2229781,36,0,2,1,0,1,0
621,TOI-3351,162.916411,-44.985551,TOI-3351.01,2459327.236,2.699,4.311529,43,0,1,1,0,1,0
622,TOI-3353,106.529815,-75.819559,TOI-3353.01,2460174.15,2.609,4.6658007,10,0,2,11,0,1,0
623,TOI-3353,106.529815,-75.819559,TOI-3353.02,2460167.79,3.076,8.8176457,10,0,2,19,0,1,0
624,TOI-3370,117.781828,-41.578402,TOI-3370.01,2459990.54,2.743,2.3506831,11,0,2,3,0,1,0
625,TOI-3374,117.265588,-36.677812,TOI-3374.01,2459251.491,3.275,2.6543295,55,0,1,1,0,1,0
626,TOI-3384,130.223468,-19.851233,TOI-3384.01,2459277.024,2.212,1.8592079,20,0,8,1,0,0,1
627,TOI-3395,103.644859,-45.064275,TOI-3395.01,2459248.381,1.551,3.2730247,10,0,3,4,0,1,0
628,TOI-3396,127.140149,-34.630225,TOI-3396.01,2459968.457,5.6018512,6.4700007,31,0,1,1,0,1,0
629,TOI-3400,123.624724,-19.590655,TOI-3400.01,2459252.997,4.141,3.8036198,37,0,1,1,0,1,0
630,TOI-3403,120.538954,-41.205439,TOI-3403.01,2459968.985,3.7193393,11.2205176,16,0,2,1,0,1,0
631,TOI-3404,138.098314,-33.256815,TOI-3404.01,2459276.823,2.529,2.5087868,21,0,3,1,0,1,0
632,TOI-3407,119.508998,-33.996094,TOI-3407.01,2459251.754,2.657,1.3847905,15,0,19,1,0,0,1
633,TOI-3418,123.274547,-23.053372,TOI-3418.01,2459963.752,5.3650109,7.3039869,10,0,1,2,0,1,0
634,TOI-3426,156.229013,0.435829,TOI-3426.01,2459570.358,4.289,6.1786733,22,0,1,1,0,1,0
635,TOI-3427,121.316468,-31.849047,TOI-3427.01,2459248.894,2.503,2.9526508,23,0,3,1,0,1,0
636,TOI-3433,135.455975,0.969613,TOI-3433.01,2459246.895,2.076,2.7765784,11,0,2,5,0,1,0
637,TOI-3443,218.278396,-60.093362,TOI-3443.01,2459358.707,2.755,1.0078907,31,0,5,1,0,0,1
638,TOI-3444,241.287509,-46.565649,TOI-3444.01,2459384.535,2.182,2.7188122,45,0,1,1,0,1,0
639,TOI-3445,244.138351,-41.073966,TOI-3445.01,2459382.378,2.681,2.9866836,28,0,2,1,0,1,0
640,TOI-3450,228.035132,-53.313368,TOI-3450.01,2459353.648,3.131,3.6387748,11,0,1,3,0,1,0
641,TOI-3455,180.322203,-76.399578,TOI-3455.01,2458651.745,0.68,0.422425,13,0,6,1,0,0,1
642,TOI-3460,255.920846,-30.770097,TOI-3460.01,2459378.778,6.264,4.6288384,102,0,1,1,0,1,0
643,TOI-3469,250.478927,-62.143614,TOI-3469.01,2459382.834,3.865,2.6566986,31,0,1,1,0,1,0
644,TOI-3474,233.503348,-47.96366,TOI-3474.01,2459358.663,3.647,3.8795023,27,0,2,1,0,1,0
645,TOI-3475,230.90908,-76.895744,TOI-3475.01,2459383.843,3.208,2.7812908,35,0,1,1,0,1,0
646,TOI-3476,237.008308,-50.692487,TOI-3476.01,2459385.897,2.51,4.3205081,23,0,2,1,0,1,0
647,TOI-3478,258.660861,-67.302622,TOI-3478.01,2459385.424,2.961,1.82856,59,0,1,1,0,0,1
648,TOI-348,1.583584,-30.336391,TOI-348.01,2459112.361,1.79,0.49346,13,0,3,2,0,0,1
649,TOI-3483,210.024916,-77.911571,TOI-3483.01,2459388.853,1.529,1.4466788,16,0,30,1,0,0,1
650,TOI-3489,248.914759,-54.855257,TOI-3489.01,2459385.905,3.386,3.7833369,28,0,2,1,0,1,0
651,TOI-3490,155.199044,-78.832021,TOI-3490.01,2459374.125,2.448,9.1317488,12,0,2,1,0,1,0
652,TOI-3491,245.267413,-59.510555,TOI-3491.01,2459383.386,3.549,2.4038651,92,0,1,1,0,1,0
653,TOI-3492,166.636671,-53.73198,TOI-3492.01,2460024.649,5.011,9.2224114,64,0,1,1,0,1,0
654,TOI-3493,205.799033,-22.585444,TOI-3493.01,2459313.044,4.3972747,8.159487,10,0,1,6,0,1,0
655,TOI-3494,204.391966,-37.183458,TOI-3494.01,2459310.021,1.3743369,7.748612,10,0,3,992,0,1,0
656,TOI-3496,158.743551,-52.777606,TOI-3496.01,2460067.735,1.356,1.5505494,18,0,3,1,0,0,1
657,TOI-3498,185.1383,-62.401609,TOI-3498.01,2459353.244,4.024,4.8768783,10,0,1,13,0,1,0
658,TOI-3503,163.714472,-58.569285,TOI-3503.01,2459331.416,2.049,1.1901816,27,0,2,1,0,0,1
659,TOI-3504,300.735006,24.435135,TOI-3504.01,2459771.874,2.2225248,2.1571532,46,0,1,1,0,1,0
660,TOI-3505,297.043476,18.698914,TOI-3505.01,2459793.534,2.004,2.9151556,13,0,2,2,0,1,0
661,TOI-3514,295.556776,32.614099,TOI-3514.01,2459445.483,1.857,1.5039495,44,0,1,1,0,0,1
662,TOI-352,342.067547,-24.838685,TOI-352.01,2458356.83,2.783,11.6235,35,0,1,1,0,1,0
663,TOI-3523,304.283458,42.906534,TOI-3523.01,2459444.921,3.457,2.304583,39,0,1,1,0,1,0
664,TOI-3530,309.083635,38.916455,TOI-3530.01,2459823.603,1.161,1.3570332,39,0,3,1,0,0,1
665,TOI-3531,321.377492,55.722936,TOI-3531.01,2459855.812,4.3071946,3.8100723,69,0,1,1,0,1,0
666,TOI-3532,302.324919,39.120541,TOI-3532.01,2459797.159,2.3270987,2.4555295,12,0,2,1,0,1,0
667,TOI-3533,308.562722,35.395056,TOI-3533.01,2459823.894,2.75,4.3167817,12,0,1,1,0,1,0
668,TOI-354,24.047859,-42.303706,TOI-354.01,2459140.431,1.7,3.0002084,30,0,4,1,0,1,0
669,TOI-3540A,328.9113712,28.1794996,TOI-3540Ab,2459109.141,1.9008,3.119999,117,0,1,1,1,1,0
670,TOI-3543,305.141062,42.89367,TOI-3543.01,2459815.576,3.35,6.481666,47,0,1,1,0,1,0
671,TOI-3545,301.314408,37.349804,TOI-3545.01,2459798.431,3.350315,3.1870439,62,0,1,1,0,1,0
672,TOI-3553,325.603811,29.869375,TOI-3553.01,2459825.771,1.771526,1.9410635,23,0,6,1,0,0,1
673,TOI-3556,312.536937,29.983516,TOI-3556.01,2459823.669,2.232,4.118418,24,0,2,1,0,1,0
674,TOI-3559,296.381383,39.959925,TOI-3559.01,2459770.254,2.3204775,2.5402287,35,0,2,1,0,1,0
675,TOI-3564,305.940369,46.103142,TOI-3564.01,2459820.105,4.550493,4.0875563,41,0,1,1,0,1,0
676,TOI-3568,322.602368,34.739581,TOI-3568.01,2459799.383,2.5881434,4.4178042,10,0,1,3,0,1,0
677,TOI-3569,307.013306,26.401654,TOI-3569.01,2459823.594,3.424,4.5956692,38,0,1,1,0,1,0
678,TOI-3570,305.46164,34.126027,TOI-3570.01,2459823.353,2.974,2.1083693,29,0,2,1,0,1,0
679,TOI-3571,328.455439,47.392259,TOI-3571.01,2459847.743,3.032,3.007925,33,0,2,1,0,1,0
680,TOI-3582,307.292565,50.076925,TOI-3582.01,2459816.902,3.659,4.4168832,20,0,2,1,0,1,0
681,TOI-3583,315.8822,48.687895,TOI-3583.01,2459819.111,5.702662,5.2462501,20,0,1,4,0,1,0
682,TOI-3585,326.807138,34.646627,TOI-3585.01,2459851.899,2.062,3.5410781,10,0,2,5,0,1,0
683,TOI-3586,310.219074,50.922722,TOI-3586.01,2459810.522,3.276,11.3201226,13,0,2,2,0,1,0
684,TOI-3587,316.834683,49.431813,TOI-3587.01,2459823.922,3.796,4.1584817,46,0,1,1,0,1,0
685,TOI-3589,326.392082,39.495055,TOI-3589.01,2459847.255,3.763,3.0827487,66,0,1,1,0,1,0
686,TOI-3593,331.506364,34.211658,TOI-3593.01,2459826.45,2.4584304,3.8212977,25,0,3,1,0,1,0
687,TOI-3600,316.383909,56.504367,TOI-3600.01,2459880.048,3.203,5.016641,39,0,1,1,0,1,0
688,TOI-3602,325.972143,54.574269,TOI-3602.01,2459853.404,2.7458095,2.3874139,42,0,1,1,0,1,0
689,TOI-3605,332.715604,54.481231,TOI-3605.01,2459851.821,3.699,3.6554335,32,0,1,1,0,1,0
690,TOI-3606,321.24506,57.666632,TOI-3606.01,2459866.95,4.867,9.312167,10,0,1,6,0,1,0
691,TOI-3611,344.964568,50.681902,TOI-3611.01,2459879.645,3.709,3.0789699,22,0,2,1,0,1,0
692,TOI-3616,346.752412,47.044576,TOI-3616.01,2459877.452,2.5,2.4188647,41,0,1,1,0,1,0
693,TOI-3617,346.125597,45.324754,TOI-3617.01,2459879.843,2.102,3.2337884,24,0,3,1,0,1,0
694,TOI-3618,340.514856,52.343679,TOI-3618.01,2459878.722,1.567,3.4898546,20,0,4,1,0,1,0
695,TOI-3619,338.755425,54.07911,TOI-3619.01,2459855.832,3.8425146,3.1984621,28,0,1,1,0,1,0
696,TOI-3625,303.777268,59.67691,TOI-3625.01,2459798.328,3.4295536,2.9708659,25,0,2,1,0,1,0
697,TOI-3629,359.7933851,39.3142556,TOI-3629b,2458784.256,2.2,3.936551,11,0,1,4,1,1,0
698,TOI-3633,313.317214,58.094593,TOI-3633.01,2459823.487,1.502,2.5266409,31,0,4,1,0,1,0
699,TOI-3635,349.3018,44.612336,TOI-3635.01,2459853.656,4.3641932,1.8048106,22,0,5,1,0,0,1
700,TOI-3642,45.148251,39.93511,TOI-3642.01,2459902.819,1.829,4.084447,20,0,3,1,0,1,0
701,TOI-3644,29.742342,56.85776,TOI-3644.01,2459906.758,2.006,1.831733,16,0,27,1,0,0,1
702,TOI-3652,46.770809,49.010302,TOI-3652.01,2459906.291,3.691,3.4796904,35,0,2,1,0,1,0
703,TOI-3664,35.308494,59.711857,TOI-3664.01,2459906.71,2.511,3.2975093,21,0,3,1,0,1,0
704,TOI-3668,48.218476,35.093455,TOI-3668.01,2459908.643,1.196,0.7415247,36,0,10,1,0,0,1
705,TOI-3669,31.602366,33.856295,TOI-3669.01,2459909.847,1.356,1.2126653,13,0,41,1,0,0,1
706,TOI-3671,12.407578,56.001551,TOI-3671.01,2459883.547,1.6496023,1.7267432,35,0,2,1,0,0,1
707,TOI-3677,35.837872,60.889963,TOI-3677.01,2458814.425,1.139,3.6923071,40,0,2,1,0,1,0
708,TOI-3678,44.233304,28.771475,TOI-3678.01,2459885.446,5.588206,4.8542148,55,0,1,1,0,1,0
709,TOI-3683,40.958303,54.780398,TOI-3683.01,2459907.843,1.951,1.3697115,34,0,4,1,0,0,1
710,TOI-3686,36.900563,59.952721,TOI-3686.01,2459884.347,3.6413963,5.0778064,35,0,1,1,0,1,0
711,TOI-3688A,39.2823371,54.8512152,TOI-3688Ab,2459108.051,3.482,3.246075,22,0,2,1,1,1,0
712,TOI-3693,15.6543938,51.3038918,TOI-3693b,2458806.682,3.5568,9.088516,15,0,1,1,1,1,0
713,TOI-3699,60.937413,50.236205,TOI-3699.01,2459912.279,2.7491505,3.0423931,34,0,1,1,0,1,0
714,TOI-3701,60.362935,49.265249,TOI-3701.01,2459911.333,2.5821706,4.2605739,19,0,2,1,0,1,0
715,TOI-3702,49.102399,58.287744,TOI-3702.01,2459907.098,1.07,2.2842184,11,0,2,1,0,1,0
716,TOI-3703,76.092396,44.334107,TOI-3703.01,2459913.344,4.2565839,3.8895137,35,0,1,1,0,1,0
717,TOI-3706,76.825224,59.729551,TOI-3706.01,2459910.873,3.7808822,4.3701795,19,0,2,1,0,1,0
718,TOI-371,8.923918,-50.316967,TOI-371.01,2459088.521,2.277,3.48139,10,0,3,6,0,1,0
719,TOI-3714,69.5523415,39.4580035,TOI-3714b,2458840.509,1.66,2.154849,16,0,1,1,1,0,1
720,TOI-3715,88.890851,39.126519,TOI-3715.01,2459912.371,2.3649813,2.4713543,72,0,1,1,0,1,0
721,TOI-3716,68.005803,36.012476,TOI-3716.01,2458832.542,6.711,6.0985856,1091,0,1,1,0,1,0
722,TOI-3719,63.286661,54.572095,TOI-3719.01,2459911.032,1.5952613,1.2222265,33,0,4,1,0,0,1
723,TOI-3720,60.696633,39.041323,TOI-3720.01,2459913.321,1.7442136,4.7378265,37,0,4,1,0,1,0
724,TOI-3726,77.298277,38.228572,TOI-3726.01,2459912.831,2.6872717,4.841688,26,0,1,1,0,1,0
725,TOI-3735,55.590143,58.295332,TOI-3735.01,2459912.078,3.9579058,3.3526843,25,0,2,1,0,1,0
726,TOI-3737,72.427173,35.301657,TOI-3737.01,2459912.416,4.204,5.5609997,37,0,1,1,0,1,0
727,TOI-3738,88.985589,34.265809,TOI-3738.01,2459912.781,4.6013867,4.3847509,28,0,1,1,0,1,0
728,TOI-3743,58.490945,58.748105,TOI-3743.01,2458840.233,2.553,2.1186344,10,0,1,6,0,1,0
729,TOI-3745,65.615413,46.536011,TOI-3745.01,2458838.18,2.674,1.6883103,13,0,2,2,0,1,0
730,TOI-3749,68.539495,32.806951,TOI-3749.01,2459911.347,2.798,1.8751894,26,0,3,1,0,0,1
731,TOI-3758,41.323613,69.106259,TOI-3758.01,2459736.687,3.415,3.4177514,33,0,1,1,0,1,0
732,TOI-3763,57.947685,47.149894,TOI-3763.01,2459910.768,3.2004171,2.0042661,38,0,1,1,0,0,1
733,TOI-3764,48.791209,66.597657,TOI-3764.01,2459911.46,2.4724722,6.5718534,13,0,3,1,0,1,0
734,TOI-3765,57.511805,46.681042,TOI-3765.01,2459913.048,3.3502554,3.1479532,42,0,1,1,0,1,0
735,TOI-3767,69.488129,52.71623,TOI-3767.01,2459912.435,4.052327,2.391269,55,0,1,1,0,1,0
736,TOI-3768,83.379462,45.081717,TOI-3768.01,2459911.275,2.6629308,2.1803154,27,0,2,1,0,1,0
737,TOI-3769,54.82405,52.824649,TOI-3769.01,2458821.028,3.972,10.3380912,32,0,1,1,0,1,0
738,TOI-3772,86.04348,36.080653,TOI-3772.01,2459912.317,2.1905198,4.1689145,10,0,2,3,0,1,0
739,TOI-3773,61.496952,51.724323,TOI-3773.01,2459912.939,2.1699793,2.9508097,28,0,3,1,0,1,0
740,TOI-3785,130.9002258,63.0780768,TOI-3785b,2458861.496,1.7,4.6747373,13,0,1,19,1,1,0
741,TOI-3788,94.432577,54.381306,TOI-3788.01,2458863.846,3.061,3.0923729,36,0,2,1,0,1,0
742,TOI-3791,295.387706,56.217805,TOI-3791.01,2459827.042,2.017,3.1833919,29,0,3,1,0,1,0
743,TOI-3792,102.599479,48.944982,TOI-3792.01,2458867.81,1.109,0.7729066,10,0,4,2,0,0,1
744,TOI-3799,114.188526,44.051536,TOI-3799.01,2459605.775,2.9678542,8.2064867,12,0,2,1,0,1,0
745,TOI-3800,103.276084,39.132278,TOI-3800.01,2458866.227,2.35,1.6667559,11,0,3,3,0,1,0
746,TOI-3807,139.1125648,69.0741284,TOI-3807b,2459218.135,1.78,2.8989727,43,0,1,1,1,1,0
747,TOI-3809,100.288738,48.861378,TOI-3809.01,2458867.347,2.728,3.6346303,18,0,2,1,0,1,0
748,TOI-3815,109.358531,49.840082,TOI-3815.01,2459604.924,4.437,4.8709815,34,0,1,1,0,1,0
749,TOI-3822,104.603337,59.972981,TOI-3822.01,2459601.359,2.7145235,3.1235179,23,0,2,1,0,1,0
750,TOI-3826,149.876935,36.99245,TOI-3826.01,2459632.217,3.333,4.9807125,24,0,1,1,0,1,0
751,TOI-3835,144.395927,28.24536,TOI-3835.01,2459633.636,1.829,1.3460633,33,0,2,1,0,0,1
752,TOI-3842,133.977629,30.990348,TOI-3842.01,2458895.099,2.557,3.6566206,21,0,2,1,0,1,0
753,TOI-3856,145.222922,27.950158,TOI-3856.01,2459631.885,1.513,2.0436029,36,0,3,1,0,0,1
754,TOI-3862,185.900563,50.544625,TOI-3862.01,2459662.739,1.272,1.5574603,12,0,2,2,0,1,0
755,TOI-3876,193.898669,57.141015,TOI-3876.01,2459659.911,2.572,6.5846694,14,0,2,1,0,1,0
756,TOI-3879,184.624586,34.897976,TOI-3879.01,2459656.345,2.547,4.8104679,10,0,3,13,0,1,0
757,TOI-3882,183.961977,47.427994,TOI-3882.01,2458924.544,2.282,2.071333,11,0,3,3,0,1,0
758,TOI-3889,180.258934,55.846201,TOI-3889.01,2459635.026,2.15,2.5228506,26,0,2,1,0,1,0
759,TOI-3894,201.374827,52.768104,TOI-3894.01,2459657.955,3.336,4.3345378,30,0,2,1,0,1,0
760,TOI-3907,231.249864,57.815109,TOI-3907.01,2459714.521,2.035,1.7213564,16,0,7,1,0,0,1
761,TOI-3910,223.609501,59.101988,TOI-3910.01,2459686.227,2.437,5.7158895,16,0,3,1,0,1,0
762,TOI-3912,215.8014956,24.0765639,TOI-3912b,2459442.819,3.557,3.4936264,22,0,1,1,1,1,0
763,TOI-3913,218.874035,48.083929,TOI-3913.01,2459687.087,1.185,4.0384773,11,0,3,3,0,1,0
764,TOI-3915,205.488716,17.300066,TOI-3915.01,2459688.492,2.175,2.2012625,30,0,1,1,0,1,0
765,TOI-392,46.93171,0.860922,TOI-392.01,2459169.814,1.357,0.8490649,75,0,1,1,0,0,1
766,TOI-3927,342.661461,60.770111,TOI-3927.01,2459902.273,3.108,4.4921154,21,0,2,1,0,1,0
767,TOI-3929,346.474955,67.188469,TOI-3929.01,2459909.656,3.608,3.4608812,35,0,1,1,0,1,0
768,TOI-3933,347.967961,56.862096,TOI-3933.01,2459881.42,2.409,1.97549,24,0,3,1,0,0,1
769,TOI-3937,334.133015,66.860571,TOI-3937.01,2459853.683,1.9912433,1.6923573,27,0,3,1,0,0,1
770,TOI-3941,356.407097,55.225972,TOI-3941.01,2459880.907,2.842,2.8817718,26,0,2,1,0,1,0
771,TOI-3946,334.013781,61.05756,TOI-3946.01,2458972.761,3.039,5.7033411,20,0,2,1,0,1,0
772,TOI-3952,323.15288,67.911948,TOI-3952.01,2459907.77,3.06,2.9897732,45,0,1,1,0,1,0
773,TOI-3955,346.156393,56.731648,TOI-3955.01,2459855.877,2.5279159,3.1278013,33,0,1,1,0,1,0
774,TOI-3965,349.095834,64.72187,TOI-3965.01,2459884.451,5.3995956,4.7242175,36,0,1,1,0,1,0
775,TOI-3972,9.305074,61.205097,TOI-3972.01,2459892.729,3.1268699,10.510324,19,0,2,1,0,1,0
776,TOI-3976A,224.3560083,44.2743223,TOI-3976Ab,2459011.158,4.517,6.607662,15,0,1,1,1,1,0
777,TOI-3998,7.636991,56.331467,TOI-3998.01,2459880.386,1.746,1.81451,34,0,3,1,0,0,1
778,TOI-4000,0.974631,64.77632,TOI-4000.01,2459879.949,3.572,3.7027104,49,0,1,1,0,1,0
779,TOI-4007,23.655685,62.325517,TOI-4007.01,2459883.265,3.6521061,4.5431872,24,0,2,1,0,1,0
780,TOI-4010,20.2148196,66.0722009,TOI-4010b,2459007.549,1.77,1.348335,10,0,4,15,1,1,0
781,TOI-4010,20.2148196,66.0722009,TOI-4010c,2459000.052,2.77,5.414654,11,0,1,6,1,1,0
782,TOI-4010,20.2148196,66.0722009,TOI-4010d,2458985.985,3.6,14.70886,10,0,2,26,1,1,0
783,TOI-4015,53.419992,68.612667,TOI-4015.01,2459738.474,3.115,4.7427131,56,0,1,1,0,1,0
784,TOI-4016,5.277959,66.832344,TOI-4016.01,2459909.098,1.29,1.8137851,10,0,4,12,0,1,0
785,TOI-4028,355.230606,69.974452,TOI-4028.01,2459884.286,2.42,3.9589142,22,0,2,1,0,1,0
786,TOI-4029,239.233719,16.980285,TOI-4029.01,2459711.649,3.622,5.8850401,10,0,1,3,0,1,0
787,TOI-4034,335.146984,71.767346,TOI-4034.01,2459853.88,2.949,1.8020923,37,0,1,1,0,0,1
788,TOI-4074,29.423373,63.90459,TOI-4074.01,2459906.212,3.2,3.2175013,36,0,1,1,0,1,0
789,TOI-4079,19.980843,64.538054,TOI-4079.01,2459882.628,2.486,1.9872259,50,0,1,1,0,0,1
790,TOI-4087,217.9257785,83.3727061,TOI-4087b,2459244.566,2.9842,3.1774835,29,0,1,1,1,1,0
791,TOI-4090,278.232233,39.637997,TOI-4090.01,2459771.718,2.043,3.177514,10,0,3,10,0,1,0
792,TOI-4103,289.751203,82.875584,TOI-4103.01,2459754.904,3.532,12.2740928,14,0,2,1,0,1,0
793,TOI-4104,277.717657,19.796009,TOI-4104.01,2459766.722,3.323,2.3757662,27,0,2,1,0,1,0
794,TOI-4109,246.36791,66.351585,TOI-4109.01,2459746.881,2.327,12.320331,10,0,3,107,0,1,0
795,TOI-4121,267.707093,16.774858,TOI-4121.01,2459768.022,2.646,2.8622679,48,0,1,1,0,1,0
796,TOI-4124,279.258065,14.206599,TOI-4124.01,2459762.989,2.877,3.4138019,57,0,1,1,0,1,0
797,TOI-4125,109.305384,70.780189,TOI-4125.01,2459600.068,3.4748078,4.7155974,20,0,2,1,0,1,0
798,TOI-4128,128.261476,82.024762,TOI-4128.01,2459911.959,2.088,1.9795413,10,0,3,6,0,1,0
799,TOI-4129,281.527275,46.248566,TOI-4129.01,2459744.309,1.459,3.2724973,11,0,1,4,0,1,0
800,TOI-4145A,39.4297435,80.2673838,TOI-4145Ab,2458925.882,2.106,4.0664428,26,0,1,1,1,1,0
801,TOI-4153,335.39347,82.216079,TOI-4153.01,2459912.598,4.5173138,4.6174254,42,0,1,1,0,1,0
802,TOI-4162,290.391821,73.350122,TOI-4162.01,2459737.854,5.275,4.3744258,35,0,1,1,0,1,0
803,TOI-4170,337.594234,77.865504,TOI-4170.01,2459738.853,3.151,2.190225,31,0,2,1,0,1,0
804,TOI-4173,175.198472,79.612558,TOI-4173.01,2459942.653,3.809,8.2713274,12,0,2,1,0,1,0
805,TOI-4176,202.001393,-29.791077,TOI-4176.01,2459328.306,3.1,3.2089372,98,0,1,1,0,1,0
806,TOI-4177,188.565163,-35.05366,TOI-4177.01,2460065.353,3.866,3.6928289,50,0,1,1,0,1,0
807,TOI-4179,202.416161,-16.555127,TOI-4179.01,2459330.927,3.113,2.5485772,10,0,1,7,0,1,0
808,TOI-4180,136.91925,-50.640231,TOI-4180.01,2459989.162,1.0,1.5954319,12,0,2,1,0,0,1
809,TOI-4194,22.26623,-8.17935,TOI-4194.01,2458404.823,1.169,1.0432995,10,0,3,2,0,0,1
810,TOI-4196,16.001037,-31.68549,TOI-4196.01,2458404.327,2.985,3.125924,32,0,1,1,0,1,0
811,TOI-4197,62.022558,-12.332383,TOI-4197.01,2458456.806,1.845,3.9017499,14,0,4,1,0,1,0
812,TOI-4199,99.039982,6.472367,TOI-4199.01,2458487.707,4.511,4.4466179,33,0,1,1,0,1,0
813,TOI-4204,86.905182,4.382898,TOI-4204.01,2458484.978,3.269,3.9592516,13,0,2,1,0,1,0
814,TOI-4209,86.682021,3.98974,TOI-4209.01,2458489.687,1.227,0.8631737,21,0,17,1,0,0,1
815,TOI-4218,118.791369,-22.611009,TOI-4218.01,2458514.634,3.503,2.6269521,28,0,1,1,0,1,0
816,TOI-421,81.8532824,-14.2767404,TOI-421b,2458441.285,1.107,5.19672,10,0,2,16,1,1,0
817,TOI-421,81.8532824,-14.2767404,TOI-421c,2458440.132,2.71,16.067531,16,0,1,7,1,1,0
818,TOI-422,71.802796,-17.253367,TOI-422.01,2458438.292,0.6217089,0.6333372,19,0,1,1,0,0,1
819,TOI-4243,134.371324,-52.039581,TOI-4243.01,2459988.504,2.4298631,1.0886286,14,0,15,1,0,0,1
820,TOI-4244,130.709387,-46.213327,TOI-4244.01,2459990.231,3.109,1.8665254,31,0,2,1,0,0,1
821,TOI-4245,125.806237,-45.792458,TOI-4245.01,2459963.829,2.0029844,3.1518711,10,0,1,3,0,1,0
822,TOI-4254,128.927489,-53.82826,TOI-4254.01,2459963.443,2.7834681,1.1462769,24,0,7,1,0,0,1
823,TOI-4264,150.080535,-39.65956,TOI-4264.01,2459989.671,2.6816352,3.1580472,17,0,2,1,0,1,0
824,TOI-4266,145.77866,-58.510776,TOI-4266.01,2459332.15,1.102,0.8118585,28,0,5,1,0,0,1
825,TOI-4273,149.751407,-48.198662,TOI-4273.01,2459302.624,3.447,2.9346956,39,0,1,1,0,1,0
826,TOI-4274,173.718159,-63.445819,TOI-4274.01,2459359.935,1.266,0.4459299,64,0,1,1,0,0,1
827,TOI-4276,299.975106,-73.875934,TOI-4276.01,2459043.954,3.376,11.851162,10,0,2,18,0,1,0
828,TOI-4283,276.828678,-77.131653,TOI-4283.01,2459385.636,2.207,3.0131053,51,0,1,1,0,1,0
829,TOI-4289,121.188359,-82.065763,TOI-4289.01,2459385.628,4.43,2.9757428,46,0,1,1,0,1,0
830,TOI-4293,302.978454,-49.001569,TOI-4293.01,2459059.497,2.273,1.6242109,33,0,2,1,0,0,1
831,TOI-4324,145.646473,-19.235699,TOI-4324.01,2458518.998,1.1882969,6.2509468,10,0,3,878,0,1,0
832,TOI-4331,231.248546,-40.216633,TOI-4331.01,2459360.395,2.154,2.9034242,10,0,3,1,0,1,0
833,TOI-4332,209.699173,-40.619073,TOI-4332.01,2460061.842,3.303,5.4468377,10,0,2,3,0,1,0
834,TOI-4336,206.107013,-40.337351,TOI-4336.01,2459335.573,1.9933922,16.3363665,10,0,2,3654,0,1,0
835,TOI-435,59.410574,-25.189938,TOI-435.01,2458411.845,2.3906731,3.352907,10,0,3,20,0,1,0
836,TOI-4365,231.955685,-56.319054,TOI-4365.01,2459383.537,2.093,3.3784254,11,0,3,4,0,1,0
837,TOI-4367,202.167147,-61.83472,TOI-4367.01,2460091.75,2.771,2.5025812,10,0,2,7,0,1,0
838,TOI-4368,202.652035,-61.218031,TOI-4368.01,2459337.013,2.8339358,4.4518604,77,0,1,1,0,1,0
839,TOI-4373,203.175914,-65.241367,TOI-4373.01,2459352.269,1.906,5.9423119,11,0,2,2,0,1,0
840,TOI-4379,252.047881,-32.433753,TOI-4379.01,2459363.369,5.1476018,3.2532293,36,0,1,1,0,1,0
841,TOI-438,56.504694,9.990299,TOI-438.01,2460231.253,1.883,5.8123611,10,0,3,20,0,1,0
842,TOI-4380,252.281636,-54.20468,TOI-4380.01,2459362.802,1.8121498,1.3289805,11,0,2,2,0,1,0
843,TOI-4381,263.167427,-64.352997,TOI-4381.01,2459362.926,2.2238426,1.4974223,65,0,1,1,0,0,1
844,TOI-4384,223.193604,-68.666543,TOI-4384.01,2460070.252,5.454,14.3171998,12,0,1,3,0,1,0
845,TOI-4386,246.621368,-63.457879,TOI-4386.01,2460122.323,1.211,2.0134389,12,0,3,2,0,1,0
846,TOI-4387,266.746645,-47.208394,TOI-4387.01,2459364.143,6.1441072,3.5620305,40,0,1,1,0,1,0
847,TOI-4388,302.582047,-78.726156,TOI-4388.01,2459364.3,2.8830849,4.4751215,10,0,2,6,0,1,0
848,TOI-4392,241.778637,-55.768002,TOI-4392.01,2459379.962,2.005,3.9693722,13,0,3,2,0,1,0
849,TOI-4393,264.977797,-31.010482,TOI-4393.01,2459386.168,1.671,2.2676081,12,0,4,2,0,1,0
850,TOI-4394,239.561368,-65.084504,TOI-4394.01,2459388.679,1.816,1.488954,22,0,12,1,0,0,1
851,TOI-4400,317.159425,-55.56516,TOI-4400.01,2459038.947,3.7698984,7.0673086,25,0,1,1,0,1,0
852,TOI-4412,249.808328,-52.099838,TOI-4412.01,2460119.031,3.397,2.0340967,15,0,2,1,0,1,0
853,TOI-4416,251.780014,-39.947307,TOI-4416.01,2459378.526,5.232,9.3305377,44,0,1,1,0,1,0
854,TOI-4417,244.467204,-54.166478,TOI-4417.01,2459382.714,2.05,5.2574854,10,0,2,12,0,1,0
855,TOI-4422,270.051173,-31.608593,TOI-4422.01,2460119.52,4.324,4.90826,74,0,1,1,0,1,0
856,TOI-4425,264.841449,-35.391821,TOI-4425.01,2459385.734,4.168,5.412802,28,0,1,1,0,1,0
857,TOI-4427,135.049261,72.147747,TOI-4427.01,2459940.464,2.7008637,4.6182631,28,0,1,1,0,1,0
858,TOI-4436,308.426581,87.009328,TOI-4436.01,2459767.611,3.5349264,1.7590566,73,0,1,1,0,0,1
859,TOI-4438,270.317239,35.594899,TOI-4438.01,2459396.41,2.0033138,7.4463034,10,0,2,271,0,1,0
860,TOI-4441,276.123535,32.065393,TOI-4441.01,2459772.037,4.8701814,4.3753714,44,0,1,1,0,1,0
861,TOI-444,64.1839982,-26.7664071,TOI-444b,2459190.039,3.761,17.9636,10,0,2,86,1,1,0
862,TOI-445,77.323576,-36.591034,TOI-445.01,2459199.549,1.094,0.7649571,38,0,1,1,0,0,1
863,TOI-4451,274.760444,34.045704,TOI-4451.01,2459778.55,4.3401879,8.8517354,10,0,1,5,0,1,0
864,TOI-4463A,279.3581286,18.7299522,TOI-4463Ab,2459291.64,1.85,2.8807198,46,0,1,1,1,1,0
865,TOI-4477,309.461444,37.155939,TOI-4477.01,2459813.94,6.304,7.8127906,51,0,1,1,0,1,0
866,TOI-4478,303.549181,54.694405,TOI-4478.01,2459819.788,2.868,2.7586362,12,0,2,1,0,1,0
867,TOI-4481,311.2697,44.500235,TOI-4481.01,2459823.515,0.884,0.9263245,10,0,1,6,0,1,0
868,TOI-4491,305.689744,47.308619,TOI-4491.01,2459829.762,1.484,5.0066385,10,0,5,89,0,1,0
869,TOI-4492,308.6508,29.238102,TOI-4492.01,2459819.412,3.856,4.4331839,51,0,1,1,0,1,0
870,TOI-4494,293.328194,33.482606,TOI-4494.01,2459407.233,3.417,32.5350178,21,0,1,1,0,1,0
871,TOI-4495,286.362495,37.02599,TOI-4495.01,2459765.915,2.783,5.1830043,10,0,2,5,0,1,0
872,TOI-450,79.005088,-31.412694,TOI-450.01,2459182.487,2.1121584,10.7148661,10,0,1,12,0,1,0
873,TOI-4500,306.244087,30.348186,TOI-4500.01,2459446.222,3.291,1.773346,13,0,6,1,0,0,1
874,TOI-4505,95.241796,-60.955781,TOI-4505.01,2459068.265,7.7309404,19.4723789,23,0,1,1,0,1,0
875,TOI-4527,19.472257,5.4712,TOI-4527.01,2459474.2,0.8028796,0.3994445,10,0,1,15,0,1,0
876,TOI-4529,16.968846,12.880955,TOI-4529.01,2460224.617,1.925,5.8795935,10,0,3,165,0,1,0
877,TOI-4537,340.59158,-6.87105,TOI-4537.01,2460223.744,1.174,6.6629947,10,0,2,3,0,1,0
878,TOI-4543,55.140851,13.552772,TOI-4543.01,2459519.314,4.551,5.7740318,195,0,1,1,0,1,0
879,TOI-4546,51.440653,23.188666,TOI-4546.01,2460232.739,0.671,0.745637,15,0,2,1,0,0,1
880,TOI-4548,36.34112,25.530678,TOI-4548.01,2460229.837,1.402,4.6003967,12,0,2,2,0,1,0
881,TOI-4552,264.714256,-47.637046,TOI-4552.01,2459361.882,0.6404841,0.3011506,10,0,2,19,0,1,0
882,TOI-4556,182.925066,-32.53258,TOI-4556.01,2458570.935,1.2308429,3.7924221,10,0,4,1554,0,1,0
883,TOI-4576,275.226841,16.452703,TOI-4576.01,2459010.845,3.2981777,10.4834062,10,0,2,64,0,1,0
884,TOI-4596,98.707848,27.388017,TOI-4596.01,2460283.324,2.057,4.1194175,10,0,3,10,0,1,0
885,TOI-4597,73.705654,22.146384,TOI-4597.01,2459523.197,2.526,4.6663795,110,0,1,1,0,1,0
886,TOI-4598,50.787196,24.690039,TOI-4598.01,2460218.724,1.975,8.2003982,10,0,2,1,0,1,0
887,TOI-4602,60.600332,31.329835,TOI-4602.01,2460225.221,3.055,3.9813077,10,0,1,3,0,1,0
888,TOI-4609,70.374204,21.257733,TOI-4609.01,2460229.447,3.246,2.6921752,76,0,1,1,0,1,0
889,TOI-4615,96.679195,25.205001,TOI-4615.01,2459550.58,6.6913995,5.3193755,32,0,1,1,0,1,0
890,TOI-4617,71.022672,22.567602,TOI-4617.01,2460259.196,2.64,3.4878795,44,0,1,1,0,1,0
891,TOI-4625,65.653481,25.699878,TOI-4625.01,2459523.854,1.8340936,2.1914277,10,0,3,13,0,1,0
892,TOI-4626,205.513548,-48.466443,TOI-4626.01,2459338.399,2.895,17.4756122,10,0,2,56,0,1,0
893,TOI-4641,42.558202,25.333533,TOI-4641.01,2460239.909,5.4095076,22.0933922,28,0,1,1,0,1,0
894,TOI-4641,42.5582023,25.3335334,TOI-4641b,2459510.828,5.438,22.09341,18,0,1,1,1,1,0
895,TOI-4642,30.884661,6.81587,TOI-4642.01,2459449.13,1.032552,3.6022377,10,0,3,1092,0,1,0
896,TOI-4646,72.799607,50.097926,TOI-4646.01,2459915.972,3.2002668,8.9299483,11,0,2,1,0,1,0
897,TOI-4660,51.999785,12.523415,TOI-4660.01,2459523.063,1.796,1.5090806,38,0,1,1,0,0,1
898,TOI-4672,35.215761,-1.826042,TOI-4672.01,2459168.771,5.646,6.6132132,23,0,1,1,0,1,0
899,TOI-4679,61.899944,11.517544,TOI-4679.01,2459515.876,3.878,6.8170909,10,0,2,5,0,1,0
900,TOI-4702,68.219308,-3.737468,TOI-4702.01,2459194.135,3.323,3.121702,26,0,2,1,0,1,0
901,TOI-4709,87.490493,-12.835212,TOI-4709.01,2459220.513,3.209,6.2397532,11,0,1,5,0,1,0
902,TOI-472,99.86703,-33.540223,TOI-472.01,2459226.784,0.755,0.5682596,68,0,1,1,0,0,1
903,TOI-4721,92.32577,11.411488,TOI-4721.01,2459223.128,2.384,4.0086493,10,0,2,7,0,1,0
904,TOI-4726,92.729819,-13.166915,TOI-4726.01,2459223.153,2.775,4.2971136,25,0,1,1,0,1,0
905,TOI-4739,102.5057,-5.202063,TOI-4739.01,2459223.201,3.365,8.1703609,48,0,1,1,0,1,0
906,TOI-476,99.581416,-47.613867,TOI-476.01,2459982.991,3.284,3.0629874,109,0,1,1,0,1,0
907,TOI-4766,117.097528,2.111455,TOI-4766.01,2459963.946,1.6191056,1.9326573,17,0,6,1,0,0,1
908,TOI-4768,112.650574,-28.912866,TOI-4768.01,2459979.777,3.233,7.2644599,33,0,1,1,0,1,0
909,TOI-4770,111.76498,-32.185807,TOI-4770.01,2459963.443,3.119,1.9491813,25,0,2,1,0,0,1
910,TOI-4773,114.942649,-21.485618,TOI-4773.01,2459963.256,1.923273,1.7454828,31,0,4,1,0,0,1
911,TOI-4781,121.782131,-18.726765,TOI-4781.01,2459250.822,1.726,1.9055614,13,0,5,1,0,0,1
912,TOI-4794,110.483552,-12.565478,TOI-4794.01,2459249.836,3.914,3.5658043,24,0,2,1,0,1,0
913,TOI-4798,116.616275,7.92953,TOI-4798.01,2459248.758,1.873,5.5261155,10,0,3,6,0,1,0
914,TOI-4800,114.708588,4.35637,TOI-4800.01,2459244.041,0.875,4.3229915,11,0,5,3,0,1,0
915,TOI-4801,120.655501,-32.127159,TOI-4801.01,2459964.587,2.569,3.251269,11,0,2,3,0,1,0
916,TOI-4823,134.192296,-12.572658,TOI-4823.01,2459964.281,3.1192423,3.7260939,22,0,2,1,0,1,0
917,TOI-4837,139.870171,-32.297525,TOI-4837.01,2459991.373,1.185,4.4644761,13,0,3,2,0,1,0
918,TOI-4847,132.809802,-31.914744,TOI-4847.01,2459271.911,2.322,7.0465721,10,0,2,16,0,1,0
919,TOI-486,98.454881,-58.525032,TOI-486.01,2460204.282,1.066,1.7447031,10,0,2,937,0,1,0
920,TOI-4868,145.189317,-49.815667,TOI-4868.01,2460014.7,3.119,3.5164369,17,0,2,1,0,1,0
921,TOI-4880,198.004287,-53.449373,TOI-4880.01,2459329.599,3.494,3.4717583,24,0,2,1,0,1,0
922,TOI-4886,158.261633,-57.281506,TOI-4886.01,2459327.582,2.123,3.251249,28,0,2,1,0,1,0
923,TOI-4890,172.065775,-49.667865,TOI-4890.01,2459328.767,2.953,3.0475227,31,0,2,1,0,1,0
924,TOI-4893,145.257124,-57.379026,TOI-4893.01,2459325.325,1.786,7.3262605,11,0,4,3,0,1,0
925,TOI-4898,197.341671,-32.829454,TOI-4898.01,2459330.011,1.262,2.7652293,10,0,5,31,0,1,0
926,TOI-4904,156.222381,-56.950477,TOI-4904.01,2459331.41,1.722,2.4118274,29,0,2,1,0,1,0
927,TOI-4909,180.114014,-47.243939,TOI-4909.01,2459316.775,5.8782939,11.6484665,25,0,1,1,0,1,0
928,TOI-4913,187.110757,-46.072906,TOI-4913.01,2459332.199,2.585,6.5430693,10,0,3,25,0,1,0
929,TOI-4917,203.73203,-64.830059,TOI-4917.01,2459356.533,3.304,4.7738904,28,0,2,1,0,1,0
930,TOI-493,119.627721,12.88326,TOI-493.01,2459575.214,2.095,5.9444406,10,0,3,18,0,1,0
931,TOI-4938,201.741869,-55.915198,TOI-4938.01,2459357.455,2.665,2.913692,28,0,1,1,0,1,0
932,TOI-4949,220.004623,-62.377726,TOI-4949.01,2459356.99,2.748,1.7819156,46,0,1,1,0,0,1
933,TOI-4960,211.627787,-63.053286,TOI-4960.01,2459357.496,1.615,4.0557174,39,0,3,1,0,1,0
934,TOI-4963,213.405362,-57.999764,TOI-4963.01,2459358.025,4.298,2.365766,11,0,1,4,0,1,0
935,TOI-4968,199.154488,-59.030514,TOI-4968.01,2460070.678,3.8169843,2.2355936,45,0,1,1,0,1,0
936,TOI-4971,154.273599,-68.883731,TOI-4971.01,2459355.695,3.374,7.9674915,10,0,2,22,0,1,0
937,TOI-4977,193.460711,-54.345963,TOI-4977.01,2459355.339,2.321,7.7023687,15,0,2,1,0,1,0
938,TOI-4987,153.669669,-15.642837,TOI-4987.01,2459274.885,2.517,4.2889696,57,0,1,1,0,1,0
939,TOI-4989,256.799859,-64.547055,TOI-4989.01,2459382.69,1.795,3.429078,34,0,1,1,0,1,0
940,TOI-5005,238.108194,-48.1451,TOI-5005.01,2459377.176,2.871,6.3084728,10,0,1,3,0,1,0
941,TOI-5009,261.294366,-40.583473,TOI-5009.01,2459385.304,7.683,8.1755735,27,0,1,1,0,1,0
942,TOI-500,106.559098,-47.5878156,TOI-500b,2458468.391,0.998,0.548177,10,0,2,31,1,1,0
943,TOI-5015,245.273071,-43.222686,TOI-5015.01,2459384.648,3.425,2.4533968,36,0,1,1,0,1,0
944,TOI-5019,251.626959,-55.262592,TOI-5019.01,2459385.957,1.895,1.090295,14,0,3,1,0,0,1
945,TOI-5022,245.215993,-57.641596,TOI-5022.01,2459385.707,2.1,2.244541,22,0,3,1,0,1,0
946,TOI-5025,261.365163,-46.988032,TOI-5025.01,2459384.454,2.783,2.8846592,34,0,1,1,0,1,0
947,TOI-5028,271.090009,-55.636862,TOI-5028.01,2459388.664,3.169,3.9353218,29,0,2,1,0,1,0
948,TOI-5029,259.95298,-35.740745,TOI-5029.01,2459384.066,2.565,3.8861815,29,0,3,1,0,1,0
949,TOI-5037,234.548332,-71.927874,TOI-5037.01,2459388.356,2.978,4.1239984,22,0,2,1,0,1,0
950,TOI-5038,267.168701,-29.5226,TOI-5038.01,2459384.822,1.27,0.9990876,42,0,2,1,0,0,1
951,TOI-5043,267.099516,-54.9322,TOI-5043.01,2459384.33,3.148,3.8027513,24,0,1,1,0,1,0
952,TOI-5048,247.424651,-28.504414,TOI-5048.01,2459386.666,1.463,1.3583233,25,0,9,1,0,0,1
953,TOI-5051,261.385143,-44.046683,TOI-5051.01,2459379.848,2.842,3.5980715,36,0,1,1,0,1,0
954,TOI-5052,244.35621,-59.097565,TOI-5052.01,2459381.491,2.988,4.0668104,26,0,1,1,0,1,0
955,TOI-5057,254.842052,-35.388933,TOI-5057.01,2459385.83,1.501,1.1437772,18,0,27,1,0,0,1
956,TOI-5060,247.643085,-49.414177,TOI-5060.01,2459373.111,2.229,1.2695326,33,0,2,1,0,0,1
957,TOI-5066,63.833786,27.062203,TOI-5066.01,2460231.616,1.208,1.3454079,16,0,2,1,0,0,1
958,TOI-5070,95.305914,20.878513,TOI-5070.01,2460248.028,3.269,6.2170098,11,0,1,2,0,1,0
959,TOI-5082,106.569578,22.683148,TOI-5082.01,2460284.803,2.353,4.2403543,11,0,1,2,0,1,0
960,TOI-5091,95.635062,14.017632,TOI-5091.01,2459546.829,3.705,3.6413702,39,0,1,1,0,1,0
961,TOI-5100,66.934984,33.086274,TOI-5100.01,2459911.622,2.337596,3.4536317,30,0,2,1,0,1,0
962,TOI-5108,166.269504,11.246407,TOI-5108.01,2460285.357,2.173,6.7535728,13,0,1,2,0,1,0
963,TOI-5109,79.413022,17.714524,TOI-5109.01,2459547.384,1.693,3.2104815,40,0,2,1,0,1,0
964,TOI-5114,110.7852,25.558752,TOI-5114.01,2460280.732,2.115,6.1539077,19,0,3,1,0,1,0
965,TOI-5126,151.6597827,18.6340631,TOI-5126b,2459627.039,3.726,5.4588385,11,0,1,4,1,1,0
966,TOI-5128,143.31764,9.168421,TOI-5128.01,2460274.611,3.018,7.6014943,27,0,1,1,0,1,0
967,TOI-5143,165.36512,5.139481,TOI-5143.01,2459553.293,1.7362988,5.2092332,13,0,2,1,0,1,0
968,TOI-5148,261.241401,-58.633055,TOI-5148.01,2460117.346,6.023,5.0637114,42,0,1,1,0,1,0
969,TOI-5169,154.868917,6.582766,TOI-5169.01,2460269.548,1.487,8.0387972,10,0,2,20,0,1,0
970,TOI-5179,280.251649,83.055747,TOI-5179.01,2459768.887,0.445,0.2874782,11,0,3,1,0,0,1
971,TOI-5180,282.877583,19.560248,TOI-5180.01,2459413.39,1.753,2.7779767,30,0,3,1,0,1,0
972,TOI-5185,277.589668,16.908527,TOI-5185.01,2459414.668,4.399,4.2788309,29,0,1,1,0,1,0
973,TOI-5186,291.589776,17.06358,TOI-5186.01,2459416.392,2.828,2.503254,43,0,1,1,0,1,0
974,TOI-5191,291.567585,18.995258,TOI-5191.01,2459417.859,3.669,3.0278609,35,0,1,1,0,1,0
975,TOI-5204,310.938842,40.29807,TOI-5204.01,2459825.299,3.244,1.593603,29,0,3,1,0,0,1
976,TOI-5209,291.871283,25.453331,TOI-5209.01,2459443.479,2.207,2.635737,26,0,2,1,0,1,0
977,TOI-5226,313.339745,37.475083,TOI-5226.01,2459432.674,5.456,7.8284207,28,0,1,1,0,1,0
978,TOI-5237,297.495261,29.891252,TOI-5237.01,2459444.873,1.858,2.9889845,32,0,2,1,0,1,0
979,TOI-5243,309.333017,48.04051,TOI-5243.01,2459825.687,1.966,1.6087939,35,0,2,1,0,0,1
980,TOI-5250,302.751801,23.34472,TOI-5250.01,2459446.168,2.222,5.4463931,37,0,1,1,0,1,0
981,TOI-5251,305.803809,29.872672,TOI-5251.01,2459445.018,2.393,2.3205922,28,0,3,1,0,1,0
982,TOI-5263,304.702586,41.970517,TOI-5263.01,2459442.19,2.201,3.1501356,33,0,1,1,0,1,0
983,TOI-5264,297.552063,27.481047,TOI-5264.01,2459439.859,5.435,4.4274169,46,0,1,1,0,1,0
984,TOI-5270,300.066897,22.162093,TOI-5270.01,2459446.036,2.562,1.0513177,34,0,2,1,0,0,1
985,TOI-5287,328.038687,-8.419663,TOI-5287.01,2459468.059,3.829,4.1976789,38,0,1,1,0,1,0
986,TOI-5289,0.760104,-7.786416,TOI-5289.01,2459469.615,2.669,3.4411264,10,0,2,7,0,1,0
987,TOI-5291,338.733227,-11.363238,TOI-5291.01,2459467.596,1.35,2.3007511,14,0,2,2,0,1,0
988,TOI-5294,351.467705,4.454898,TOI-5294.01,2459470.435,2.294,5.6707432,12,0,3,3,0,1,0
989,TOI-5300,356.481137,0.458798,TOI-5300.01,2459470.418,1.958,2.2623535,25,0,2,1,0,1,0
990,TOI-5307,15.886532,9.913917,TOI-5307.01,2459490.964,1.711,5.2976347,10,0,3,33,0,1,0
991,TOI-5310,30.183054,20.023188,TOI-5310.01,2459486.097,3.039,11.2036244,10,0,2,26,0,1,0
992,TOI-5316,91.802333,35.958044,TOI-5316.01,2459496.567,1.574,0.9997277,18,0,27,1,0,0,1
993,TOI-5319,35.213556,23.520441,TOI-5319.01,2459884.042,1.561,4.0785273,10,0,2,41,0,1,0
994,TOI-5321,15.685485,20.050424,TOI-5321.01,2459478.896,2.662,10.1391591,27,0,2,1,0,1,0
995,TOI-5322,6.529337,14.336428,TOI-5322.01,2459872.581,4.975,5.4233428,28,0,1,1,0,1,0
996,TOI-5323,9.206607,2.130744,TOI-5323.01,2459497.679,4.055,5.8049376,27,0,1,1,0,1,0
997,TOI-5325,32.912647,4.192318,TOI-5325.01,2459498.292,1.385,15.057596,10,0,5,16,0,1,0
998,TOI-5328,65.293362,27.16792,TOI-5328.01,2459519.398,6.921,5.4886518,51,0,1,1,0,1,0
999,TOI-532,85.0800537,11.5626373,TOI-532b,2458470.577,1.75,2.3266508,10,0,4,5,1,1,0
1000,TOI-5336,96.234561,23.657844,TOI-5336.01,2459520.536,3.825,4.0153167,22,0,2,1,0,1,0
1001,TOI-5337,77.556092,19.640084,TOI-5337.01,2459522.877,0.514,0.7135221,15,0,4,1,0,0,1
1002,TOI-5338,78.172728,22.505924,TOI-5338.01,2459522.341,2.184,2.6429687,23,0,3,1,0,1,0
1003,TOI-5342,76.431732,29.725539,TOI-5342.01,2459524.058,0.631,0.5894678,14,0,11,1,0,0,1
1004,TOI-5344,63.2662165,20.9151568,TOI-5344b,2459477.313,1.81,3.792622,12,0,2,3,1,1,0
1005,TOI-5352,78.039675,28.546876,TOI-5352.01,2459523.256,1.42,2.0389145,11,0,6,1,0,0,1
1006,TOI-5364,77.00647,31.898377,TOI-5364.01,2459524.131,0.952,1.4466879,23,0,78,1,0,0,1
1007,TOI-5366,91.789601,23.131649,TOI-5366.01,2459521.306,2.227,1.5328484,11,0,12,1,0,0,1
1008,TOI-5367,91.796289,27.622043,TOI-5367.01,2459521.65,1.392,1.6647221,13,0,9,1,0,0,1
1009,TOI-5371,66.80026,20.774863,TOI-5371.01,2459522.846,0.992,1.27615,30,0,6,1,0,0,1
1010,TOI-5375,113.784894,71.400673,TOI-5375.01,2459580.736,1.7411525,1.7215575,28,0,2,1,0,0,1
1011,TOI-5386,226.106919,60.536232,TOI-5386.01,2459690.092,1.867,3.6215615,34,0,2,1,0,1,0
1012,TOI-5388,152.176517,35.547557,TOI-5388.01,2459630.896,0.313,2.594675,10,0,4,255,0,1,0
1013,TOI-5390,142.444304,30.062908,TOI-5390.01,2459617.29,3.2914107,15.0619708,10,0,2,29,0,1,0
1014,TOI-5398,161.879557,36.329434,TOI-5398.02,2459628.618,2.906,4.7728997,10,0,2,8,0,1,0
1015,TOI-5398,161.8795569,36.3294345,TOI-5398b,2459616.492,4.258,10.590547,34,0,1,1,1,1,0
1016,TOI-5398,161.8795569,36.3294345,TOI-5398c,2459628.618,3.127,4.77271,10,0,1,7,1,1,0
1017,TOI-5404,101.360836,22.290364,TOI-5404.01,2459546.131,2.454,2.177475,10,0,2,18,0,1,0
1018,TOI-5408,96.31948,20.535854,TOI-5408.01,2459549.599,1.429,0.9598377,16,0,17,1,0,0,1
1019,TOI-5411,86.068595,28.791551,TOI-5411.01,2459549.378,3.175,3.0604071,28,0,1,1,0,1,0
1020,TOI-5412,104.134699,13.429193,TOI-5412.01,2459550.395,0.493,0.3828485,10,0,5,1,0,0,1
1021,TOI-5415,84.164148,14.914516,TOI-5415.01,2459544.737,2.966,2.9858191,26,0,2,1,0,1,0
1022,TOI-5416,103.010116,25.2013,TOI-5416.01,2459537.053,3.251,13.0152698,10,0,1,44,0,1,0
1023,TOI-5417,90.084691,26.353234,TOI-5417.01,2459549.214,2.88,2.8675385,24,0,2,1,0,1,0
1024,TOI-5425,90.431757,22.245686,TOI-5425.01,2459550.242,0.604,0.4553752,10,0,3,1,0,0,1
1025,TOI-5426,81.649605,31.633052,TOI-5426.01,2459541.463,2.427,5.8095099,10,0,3,7,0,1,0
1026,TOI-5427,83.968375,12.925947,TOI-5427.01,2459548.749,3.741,5.2374183,26,0,2,1,0,1,0
1027,TOI-5435,92.998145,13.759123,TOI-5435.01,2459550.46,1.596,1.2699324,11,0,4,2,0,1,0
1028,TOI-5438,104.456348,25.51535,TOI-5438.01,2459549.679,1.837,2.5842514,10,0,3,1,0,1,0
1029,TOI-5445,107.425727,22.741533,TOI-5445.01,2459539.888,1.226,6.3780197,22,0,6,1,0,1,0
1030,TOI-5448,169.995604,8.350262,TOI-5448.01,2459547.932,2.215,3.214031,11,0,1,3,0,1,0
1031,TOI-544,82.2900716,-0.3428983,TOI-544b,2459199.031,1.21,1.548351,11,0,1,13,1,1,0
1032,TOI-5451,108.047768,30.104333,TOI-5451.01,2459606.277,1.388,1.6822448,23,0,7,1,0,0,1
1033,TOI-5452,107.907236,28.923941,TOI-5452.01,2459549.015,1.077,0.9909664,21,0,17,1,0,0,1
1034,TOI-5458,104.926875,30.54239,TOI-5458.01,2459521.578,1.561,22.0634495,10,0,4,19,0,1,0
1035,TOI-5462,91.098778,29.073274,TOI-5462.01,2459547.44,1.856,3.5533716,10,0,3,5,0,1,0
1036,TOI-5466,92.319121,20.273745,TOI-5466.01,2459548.181,2.483,2.8066134,29,0,1,1,0,1,0
1037,TOI-5470,91.162383,31.73644,TOI-5470.01,2459550.285,1.286,1.450491,10,0,7,1,0,0,1
1038,TOI-5477,84.979951,14.303023,TOI-5477.01,2459544.877,2.217,5.8936518,11,0,3,4,0,1,0
1039,TOI-5483,142.586792,12.70639,TOI-5483.01,2459574.246,2.343,3.7702854,25,0,3,1,0,1,0
1040,TOI-5484,124.01708,8.823241,TOI-5484.01,2459577.989,1.411,1.1282471,16,0,4,1,0,0,1
1041,TOI-5486,190.549504,3.788601,TOI-5486.01,2459691.063,1.34,2.0247088,10,0,2,12,0,1,0
1042,TOI-5494,110.662796,16.865756,TOI-5494.01,2459576.893,2.043,2.0760349,10,0,2,4,0,1,0
1043,TOI-5507,148.60167,6.646246,TOI-5507.01,2459577.455,0.735,1.507126,10,0,3,174,0,1,0
1044,TOI-5510,112.477813,26.019184,TOI-5510.01,2459574.245,5.045,5.7380349,29,0,1,1,0,1,0
1045,TOI-5511,141.997153,4.213192,TOI-5511.01,2459575.042,1.205,4.7174703,10,0,2,17,0,1,0
1046,TOI-5543,66.142172,23.270782,TOI-5543.01,2459474.857,2.250944,3.5424519,10,0,2,8,0,1,0
1047,TOI-5546,71.4759,24.113784,TOI-5546.01,2459478.725,1.8182865,9.8479326,20,0,4,1,0,1,0
1048,TOI-5554,104.74387,28.715768,TOI-5554.01,2459515.172,3.7831301,26.694279,10,0,2,676,0,1,0
1049,TOI-5595,110.460165,35.221983,TOI-5595.01,2459598.869,2.104,5.9900508,10,0,3,24,0,1,0
1050,TOI-561,148.1851516,6.216103,TOI-561c,2459238.463,3.75,10.778829,11,0,1,36,1,1,0
1051,TOI-5620,159.708601,27.415505,TOI-5620.01,2459630.841,2.384,3.2856588,24,0,2,1,0,1,0
1052,TOI-5624,180.844348,49.251226,TOI-5624.01,2459641.471,3.375,13.7287006,10,0,2,38,0,1,0
1053,TOI-5629,217.512291,20.953627,TOI-5629.01,2459689.358,1.022,2.2853731,10,0,4,5,0,1,0
1054,TOI-5633,209.753998,-2.513436,TOI-5633.01,2459673.539,3.8104834,17.2837172,10,0,2,12,0,1,0
1055,TOI-5636,199.730786,34.254077,TOI-5636.01,2459658.577,1.958,4.2744435,10,0,4,13,0,1,0
1056,TOI-5644,210.119238,55.31559,TOI-5644.01,2459660.036,1.257,6.640285,10,0,3,6,0,1,0
1057,TOI-565,130.581439,-17.189424,TOI-565.01,2459966.215,3.922972,3.7271641,43,0,1,1,0,1,0
1058,TOI-5654,230.922864,37.486639,TOI-5654.01,2459713.012,1.67,4.2528141,10,0,3,5,0,1,0
1059,TOI-5656,209.661841,14.12958,TOI-5656.01,2459685.802,1.626,3.2487833,10,0,4,9,0,1,0
1060,TOI-5679,293.389753,-45.891635,TOI-5679.01,2459058.717,3.415,1.6622263,80,0,1,1,0,0,1
1061,TOI-5681,244.780658,55.925243,TOI-5681.01,2459743.02,1.18,1.1041295,20,0,6,1,0,0,1
1062,TOI-5684,233.688677,-9.344444,TOI-5684.01,2459716.553,1.561,1.1000285,60,0,1,1,0,0,1
1063,TOI-5686,247.460912,37.69456,TOI-5686.01,2459738.846,3.559,4.2366102,29,0,1,1,0,1,0
1064,TOI-5687,228.974876,10.461265,TOI-5687.01,2459716.985,1.448,2.924439,14,0,1,1,0,1,0
1065,TOI-5691,244.846831,32.16612,TOI-5691.01,2459742.605,2.372,3.3894889,10,0,3,6,0,1,0
1066,TOI-5692,232.046386,-10.555269,TOI-5692.01,2459717.173,1.546,1.6929628,29,0,4,1,0,0,1
1067,TOI-5693,236.518383,4.691983,TOI-5693.01,2459712.634,0.506,2.8900249,104,0,1,1,0,1,0
1068,TOI-5706,226.735266,57.495691,TOI-5706.01,2459637.74,0.3884988,0.3576493,13,0,5,2,0,0,1
1069,TOI-5720,170.313577,25.273294,TOI-5720.01,2458900.645,0.9348877,1.4344602,10,0,5,186,0,1,0
1070,TOI-5734,111.255818,37.231122,TOI-5734.01,2458848.685,2.5898497,6.1841688,10,0,1,14,0,1,0
1071,TOI-5735,147.125026,77.389748,TOI-5735.01,2458683.545,0.8427764,2.1208156,10,0,2,2571,0,1,0
1072,TOI-5743,267.904353,24.427455,TOI-5743.01,2459759.175,2.047,7.6601547,12,0,1,1,0,1,0
1073,TOI-5747,148.37832,35.570548,TOI-5747.01,2458870.475,0.9004508,0.5734766,10,0,2,24,0,1,0
1074,TOI-5751,359.079391,73.907596,TOI-5751.01,2459742.829,1.453,1.7465205,11,0,7,1,0,0,1
1075,TOI-5766,253.97902,14.966082,TOI-5766.01,2459742.701,1.127,0.5721596,18,0,7,1,0,0,1
1076,TOI-5769,270.736094,20.069409,TOI-5769.01,2459767.984,1.314,1.7548863,11,0,2,2,0,1,0
1077,TOI-577,133.258916,-22.198143,TOI-577.01,2459277.162,2.862,3.329754,52,0,1,1,0,1,0
1078,TOI-5783,289.755762,9.478414,TOI-5783.01,2459793.278,2.437,5.4459647,10,0,2,10,0,1,0
1079,TOI-5786,293.322326,30.704247,TOI-5786.01,2459782.801,4.633,12.7792686,10,0,1,3,0,1,0
1080,TOI-5789,302.773447,16.189714,TOI-5789.01,2459776.256,1.691,12.9256051,10,0,1,6,0,1,0
1081,TOI-579,104.121254,-50.157911,TOI-579.01,2460012.884,1.567,1.6843068,20,0,15,1,0,0,1
1082,TOI-5790,291.847279,-15.312077,TOI-5790.01,2459793.866,1.747,2.1981511,160,0,1,1,0,1,0
1083,TOI-5791,297.923094,2.519482,TOI-5791.01,2459793.645,1.949,2.2906144,10,0,2,2,0,1,0
1084,TOI-5795,304.868782,-7.54766,TOI-5795.01,2459770.674,3.3861325,6.1406882,11,0,1,3,0,1,0
1085,TOI-5799,301.630179,15.989142,TOI-5799.01,2459772.334,1.5725422,4.1645448,10,0,2,148,0,1,0
1086,TOI-5800,305.065546,-7.411924,TOI-5800.01,2459771.713,1.2408211,2.6282606,10,0,2,6,0,1,0
1087,TOI-5810,324.598984,23.118991,TOI-5810.01,2459820.456,6.105,5.6852804,42,0,1,1,0,1,0
1088,TOI-5826,298.181417,-14.356986,TOI-5826.01,2459788.108,3.191,2.8140207,38,0,1,1,0,1,0
1089,TOI-5827,291.908234,23.273823,TOI-5827.01,2459788.905,3.885,5.0493049,23,0,2,1,0,1,0
1090,TOI-5828,293.193881,25.086499,TOI-5828.01,2459796.072,2.4,1.1951761,10,0,2,3,0,1,0
1091,TOI-5829,304.706801,23.314311,TOI-5829.01,2459793.849,2.178,1.3502386,11,0,16,1,0,0,1
1092,TOI-5834,294.34447,6.680285,TOI-5834.01,2459792.713,1.79,3.5242025,21,0,2,1,0,1,0
1093,TOI-5837,287.099114,17.113422,TOI-5837.01,2459795.483,3.346,2.9665122,27,0,2,1,0,1,0
1094,TOI-5838,284.84062,9.130169,TOI-5838.01,2459791.743,1.614,3.5982966,18,0,3,1,0,1,0
1095,TOI-5839,286.031721,17.003203,TOI-5839.01,2459794.235,3.491,2.5411063,35,0,1,1,0,1,0
1096,TOI-5842,276.085381,34.552392,TOI-5842.01,2459791.806,1.927,2.8091879,10,0,4,6,0,1,0
1097,TOI-5845,298.101717,16.668394,TOI-5845.01,2459794.325,2.094,1.9081122,29,0,3,1,0,0,1
1098,TOI-5847,295.850508,3.031456,TOI-5847.01,2459795.999,4.469,2.5641981,12,0,1,2,0,1,0
1099,TOI-5849,303.563498,-10.497985,TOI-5849.01,2459781.134,1.722,3.9964264,29,0,3,1,0,1,0
1100,TOI-585,134.373008,-39.778423,TOI-585.01,2460009.617,4.835,5.547255,109,0,1,1,0,1,0
1101,TOI-5850,304.882706,-8.298523,TOI-5850.01,2459786.271,0.384,3.9997367,10,0,2,3,0,1,0
1102,TOI-5853,286.234694,18.113615,TOI-5853.01,2459793.844,2.306,3.7219898,25,0,2,1,0,1,0
1103,TOI-5854,280.048586,20.236342,TOI-5854.01,2459795.759,2.449,4.449914,18,0,3,1,0,1,0
1104,TOI-5856,290.236828,-7.830216,TOI-5856.01,2459795.608,1.588,0.5498864,13,0,2,2,0,0,1
1105,TOI-5861,297.980126,24.038241,TOI-5861.01,2459771.876,4.769,14.3033451,14,0,1,1,0,1,0
1106,TOI-5863,300.67684,0.22858,TOI-5863.01,2459788.352,1.846,2.8492565,25,0,2,1,0,1,0
1107,TOI-587,130.395919,-22.194298,TOI-587.01,2459968.123,5.3289306,8.044239,101,0,1,1,0,1,0
1108,TOI-5871,320.850391,39.813037,TOI-5871.01,2459822.282,2.275,1.343636,54,0,1,1,0,0,1
1109,TOI-5872,320.134358,46.817074,TOI-5872.01,2459820.867,2.062,2.2425137,11,0,3,4,0,1,0
1110,TOI-5878,313.931272,29.818541,TOI-5878.01,2459820.872,2.861,3.4363074,22,0,1,1,0,1,0
1111,TOI-588,104.74986,-47.023366,TOI-588.01,2459981.726,6.186,39.4718663,82,0,1,1,0,1,0
1112,TOI-5883,315.879749,18.696523,TOI-5883.01,2459823.643,0.685,0.5223032,21,0,39,1,0,0,1
1113,TOI-5884,320.450532,23.926451,TOI-5884.01,2459822.297,3.283,5.8311038,34,0,2,1,0,1,0
1114,TOI-5886,306.988834,37.146334,TOI-5886.01,2459823.16,1.224,0.9655766,20,0,24,1,0,0,1
1115,TOI-5889,311.21156,8.849353,TOI-5889.01,2459823.072,1.988,2.4013188,20,0,3,1,0,1,0
1116,TOI-5907,315.219892,17.116416,TOI-5907.01,2459823.85,0.796,0.6583175,11,0,3,1,0,0,1
1117,TOI-5913,314.865755,20.099913,TOI-5913.01,2459819.818,6.614,10.1522322,25,0,1,1,0,1,0
1118,TOI-5918,307.122227,14.563891,TOI-5918.01,2459821.637,2.032,2.0353259,17,0,9,1,0,0,1
1119,TOI-5926,308.078444,15.503079,TOI-5926.01,2459823.759,1.997,3.8116176,10,0,2,2,0,1,0
1120,TOI-5936,314.240317,3.997017,TOI-5936.01,2459823.973,0.473,0.3781425,12,0,3,1,0,0,1
1121,TOI-5938,303.908842,28.659226,TOI-5938.01,2459820.183,2.098,2.260431,10,0,2,5,0,1,0
1122,TOI-5955,355.467833,14.106803,TOI-5955.01,2459825.845,1.045052,0.5902387,10,0,4,20,0,1,0
1123,TOI-5964,339.474237,44.965228,TOI-5964.01,2459853.689,3.247,3.9816471,21,0,2,1,0,1,0
1124,TOI-5966,336.147609,16.878856,TOI-5966.01,2459826.813,2.441937,3.5381039,35,0,2,1,0,1,0
1125,TOI-5971,322.75454,30.003448,TOI-5971.01,2459828.685,4.2579634,3.9914012,48,0,1,1,0,1,0
1126,TOI-5974,349.765951,7.915601,TOI-5974.01,2459826.051,0.9267405,1.7267217,10,0,3,123,0,1,0
1127,TOI-6008,310.448734,49.646899,TOI-6008.01,2458711.373,0.5478598,0.8573727,10,0,2,117,0,1,0
1128,TOI-6011,336.690787,57.434161,TOI-6011.01,2459880.709,1.496,2.3179699,28,0,3,1,0,1,0
1129,TOI-6012,355.02941,32.015761,TOI-6012.01,2459861.659,5.3495584,16.2117629,10,0,1,4,0,1,0
1130,TOI-6016,4.52396,59.766198,TOI-6016.01,2459877.793,3.71,4.0236805,37,0,1,1,0,1,0
1131,TOI-6025,1.074045,42.5736,TOI-6025.01,2459880.796,2.071,1.0222806,26,0,3,1,0,0,1
1132,TOI-6032,36.784679,32.876956,TOI-6032.01,2459887.395,7.8217079,7.3723906,13,0,1,2,0,1,0
1133,TOI-6038,51.657269,40.81727,TOI-6038.01,2459900.54,4.598,5.8267724,11,0,1,3,0,1,0
1134,TOI-6040,34.445951,53.807582,TOI-6040.01,2459905.802,4.378,3.4925674,61,0,1,1,0,1,0
1135,TOI-6042,32.085966,56.409783,TOI-6042.01,2459904.389,1.461,7.7966237,35,0,4,1,0,1,0
1136,TOI-6048,53.357584,59.988799,TOI-6048.01,2459915.469,3.4008546,5.4928246,10,0,2,3,0,1,0
1137,TOI-6050,84.398599,64.981529,TOI-6050.01,2459912.8,4.955098,5.4823596,30,0,1,1,0,1,0
1138,TOI-6051,62.377542,47.556648,TOI-6051.01,2459913.022,4.1169544,3.9200919,37,0,1,1,0,1,0
1139,TOI-6053,70.979903,61.859336,TOI-6053.01,2459912.417,2.5738654,2.2118281,33,0,3,1,0,1,0
1140,TOI-6062,77.169833,36.416746,TOI-6062.01,2459925.234,3.166,8.2125432,10,0,2,14,0,1,0
1141,TOI-6064,57.248111,49.111008,TOI-6064.01,2459919.689,3.463,15.3058859,21,0,2,1,0,1,0
1142,TOI-608,132.838846,-34.431856,TOI-608.01,2460011.845,1.834,1.1908287,27,0,4,1,0,0,1
1143,TOI-6086,265.370424,30.303776,TOI-6086.01,2458984.76,0.8267002,1.3888584,10,0,3,493,0,1,0
1144,TOI-609,122.339812,-39.164589,TOI-609.01,2460007.604,1.363,4.9699991,56,0,1,1,0,1,0
1145,TOI-6097,119.496736,-21.013365,TOI-6097.01,2459986.784,1.773,1.1256838,36,0,6,1,0,0,1
1146,TOI-6103,128.717977,-49.932522,TOI-6103.01,2459965.819,3.1662519,3.2422424,49,0,1,1,0,1,0
1147,TOI-6105,123.656967,-41.156136,TOI-6105.01,2459966.48,2.4670483,3.1122402,52,0,1,1,0,1,0
1148,TOI-6106,127.019217,-24.166962,TOI-6106.01,2459964.625,4.0307342,6.4240944,25,0,1,1,0,1,0
1149,TOI-6107,119.888415,-32.706065,TOI-6107.01,2459966.34,3.9779406,3.7899018,53,0,1,1,0,1,0
1150,TOI-6109,50.131921,42.606956,TOI-6109.01,2459908.091,2.337,8.5386633,10,0,2,12,0,1,0
1151,TOI-6109,50.131921,42.606956,TOI-6109.02,2459900.82,1.107,5.6952223,10,0,5,10,0,1,0
1152,TOI-611,122.034347,-28.066189,TOI-611.01,2459983.665,3.402,3.1471655,10,0,2,10,0,1,0
1153,TOI-6110,212.929098,-29.97494,TOI-6110.01,2459360.305,1.105,1.2541235,15,0,1,1,0,0,1
1154,TOI-6112,332.453393,22.566069,TOI-6112.01,2459852.026,1.373,1.8859353,11,0,4,1,0,0,1
1155,TOI-6113,318.523748,35.079027,TOI-6113.01,2459845.198,6.715,4.9218915,30,0,1,1,0,1,0
1156,TOI-6119,309.204322,49.609904,TOI-6119.01,2459846.468,2.712,4.2070367,25,0,2,1,0,1,0
1157,TOI-6120,343.883119,22.563967,TOI-6120.01,2459852.217,1.997,2.1350899,27,0,2,1,0,0,1
1158,TOI-6121,316.927293,40.450561,TOI-6121.01,2459845.747,3.088,4.2916798,26,0,2,1,0,1,0
1159,TOI-6124,315.220171,39.39179,TOI-6124.01,2459850.466,2.303,2.8474853,24,0,2,1,0,1,0
1160,TOI-6125,334.899052,12.356411,TOI-6125.01,2459849.022,1.963,2.3107907,20,0,4,1,0,1,0
1161,TOI-6130,339.205083,16.827194,TOI-6130.01,2459849.64,1.806,2.3927114,59,0,1,1,0,1,0
1162,TOI-6133,341.854293,37.691036,TOI-6133.01,2459850.634,3.519,3.6534344,72,0,1,1,0,1,0
1163,TOI-6141,347.050009,12.432919,TOI-6141.01,2459848.305,1.538,2.6607389,34,0,2,1,0,1,0
1164,TOI-6143,329.69363,22.952813,TOI-6143.01,2459845.511,4.537,4.0938735,42,0,1,1,0,1,0
1165,TOI-6154,356.545953,17.020672,TOI-6154.01,2459850.434,1.614,2.301919,21,0,4,1,0,1,0
1166,TOI-6155,334.550873,38.578982,TOI-6155.01,2459851.727,0.955,1.6029811,23,0,20,1,0,0,1
1167,TOI-615,133.4086892,-40.543701,TOI-615b,2459259.494,4.241,4.6615983,54,0,1,1,1,1,0
1168,TOI-6162,336.085732,34.158724,TOI-6162.01,2459852.117,2.809,1.8478843,73,0,1,1,0,0,1
1169,TOI-6163,351.133548,4.604684,TOI-6163.01,2459843.242,3.465,9.9754699,13,0,1,1,0,1,0
1170,TOI-6164,341.795489,26.939935,TOI-6164.01,2459850.907,1.203,3.6948038,11,0,6,1,0,1,0
1171,TOI-6166,325.981963,46.57116,TOI-6166.01,2459850.643,2.407,1.8021196,37,0,2,1,0,0,1
1172,TOI-6175,332.479847,19.828871,TOI-6175.01,2459845.063,1.891,4.1877227,22,0,3,1,0,1,0
1173,TOI-618,112.570665,-39.33963,TOI-618.01,2459972.604,4.156,7.7614672,13,0,1,1,0,1,0
1174,TOI-6184,342.638433,9.443405,TOI-6184.01,2459847.822,2.714,3.6153701,27,0,2,1,0,1,0
1175,TOI-6190,6.756339,29.487271,TOI-6190.01,2459878.296,1.027,3.5595352,10,0,4,5,0,1,0
1176,TOI-6192,1.612331,37.855275,TOI-6192.01,2459880.976,1.66,3.563037,10,0,3,7,0,1,0
1177,TOI-6195,359.665284,33.820508,TOI-6195.01,2459881.258,0.785,3.1989808,14,0,4,2,0,1,0
1178,TOI-6199,9.199556,16.097112,TOI-6199.01,2459877.909,1.892,3.8311803,10,0,4,16,0,1,0
1179,TOI-6201,356.713162,36.026661,TOI-6201.01,2459880.994,1.243,2.9172231,10,0,3,2,0,1,0
1180,TOI-6209,339.463592,45.159958,TOI-6209.01,2459881.945,0.684,0.747693,11,0,5,3,0,1,0
1181,TOI-620,142.1734459,-12.1671652,TOI-620b,2458992.197,1.36,5.0988179,10,0,1,11,1,1,0
1182,TOI-621,134.718341,-43.452796,TOI-621.01,2458520.11,2.437419,3.112361,146,0,1,1,0,1,0
1183,TOI-6210,331.562453,52.26862,TOI-6210.01,2459876.707,6.999,7.8580085,35,0,1,1,0,1,0
1184,TOI-6217,315.223413,54.962464,TOI-6217.01,2459881.16,3.089,3.0365848,33,0,1,1,0,1,0
1185,TOI-6218,5.111293,48.767772,TOI-6218.01,2459878.346,2.42,5.1570194,18,0,3,1,0,1,0
1186,TOI-6223,355.950598,33.067236,TOI-6223.01,2459879.618,1.895,3.8553342,10,0,2,15,0,1,0
1187,TOI-6225,0.485039,35.997774,TOI-6225.01,2459867.416,1.865,8.555965,10,0,2,124,0,1,0
1188,TOI-622,125.3050544,-46.4842959,TOI-622b,2458520.692,3.907,6.402513,31,0,1,1,1,1,0
1189,TOI-6233,358.489622,52.533524,TOI-6233.01,2459876.5,2.38,3.7069545,33,0,2,1,0,1,0
1190,TOI-6236,359.188611,28.610076,TOI-6236.01,2459882.031,1.322,3.3045926,26,0,6,1,0,1,0
1191,TOI-6241,17.082679,25.652576,TOI-6241.01,2459879.124,2.13,3.7812464,10,0,3,8,0,1,0
1192,TOI-6244,343.553201,52.383764,TOI-6244.01,2459879.166,2.332,2.5553078,65,0,1,1,0,1,0
1193,TOI-6245,88.699253,80.094614,TOI-6245.01,2458818.755,0.7022664,3.2149937,10,0,4,3112,0,1,0
1194,TOI-6251,3.957914,13.557617,TOI-6251.01,2459497.185,1.0444992,25.5229527,10,0,3,210578,0,1,0
1195,TOI-6255,331.503161,39.298828,TOI-6255.01,2458738.712,0.4763536,0.2381823,10,0,1,20,0,1,0
1196,TOI-6258,13.085379,20.938876,TOI-6258.01,2458764.784,0.9916975,0.5570869,10,0,4,63,0,1,0
1197,TOI-6259,140.115658,-51.660455,TOI-6259.01,2460009.296,2.038,3.2376482,11,0,3,2,0,1,0
1198,TOI-6260,140.595793,-6.060635,TOI-6260.01,2460009.508,2.766,2.3898191,11,0,2,2,0,1,0
1199,TOI-6274,164.76388,-60.082938,TOI-6274.01,2460014.408,1.9180372,1.1109053,29,0,11,1,0,0,1
1200,TOI-6276,175.256304,-44.404149,TOI-6276.01,2460017.108,1.5587404,6.207472,10,0,1,82,0,1,0
1201,TOI-6276,175.256304,-44.404149,TOI-6276.02,2460014.847,1.5691486,4.4653471,10,0,1,73,0,1,0
1202,TOI-6276,175.256304,-44.404149,TOI-6276.03,2460018.572,1.6355898,7.8708661,10,0,1,179,0,1,0
1203,TOI-6277,150.46383,-55.660373,TOI-6277.01,2460016.246,2.876864,3.3733506,29,0,2,1,0,1,0
1204,TOI-6284,150.350107,-38.841039,TOI-6284.01,2460035.842,1.731,3.4475935,10,0,2,828,0,1,0
1205,TOI-6292,44.089561,43.092213,TOI-6292.01,2459908.736,1.71,0.8236066,11,0,4,2,0,0,1
1206,TOI-6299,28.003018,50.920939,TOI-6299.01,2459905.45,0.942,4.7089027,10,0,3,8,0,1,0
1207,TOI-6300,354.657826,60.267245,TOI-6300.01,2459909.014,1.973,2.8976822,31,0,2,1,0,1,0
1208,TOI-6314,355.682379,62.468362,TOI-6314.01,2459904.681,3.922,3.1777383,37,0,1,1,0,1,0
1209,TOI-6316,25.177088,61.00972,TOI-6316.01,2459905.111,3.594,3.0057526,39,0,1,1,0,1,0
1210,TOI-6319,34.500986,62.763401,TOI-6319.01,2459906.835,3.959,3.2964006,40,0,1,1,0,1,0
1211,TOI-6324,330.844543,67.498677,TOI-6324.01,2459909.915,0.409,0.2792211,10,0,1,28,0,1,0
1212,TOI-6326,14.976875,49.034174,TOI-6326.01,2459907.562,3.351,2.3556749,35,0,1,1,0,1,0
1213,TOI-6332,54.977131,34.459515,TOI-6332.01,2459906.799,3.133,1.6630135,22,0,4,1,0,0,1
1214,TOI-6349,66.202403,53.128211,TOI-6349.01,2459931.666,2.8,2.7934699,11,0,2,3,0,1,0
1215,TOI-6352,61.460788,64.254302,TOI-6352.01,2459936.484,1.682,7.4562671,10,0,2,7,0,1,0
1216,TOI-6355,79.724105,47.54723,TOI-6355.01,2459934.889,1.067,1.0617107,10,0,3,2,0,0,1
1217,TOI-6356,67.605011,56.394465,TOI-6356.01,2459930.555,3.493,3.7799201,33,0,1,1,0,1,0
1218,TOI-6360,59.368818,64.321242,TOI-6360.01,2459936.551,1.347,1.9765848,14,0,2,1,0,0,1
1219,TOI-6366,53.29481,61.342927,TOI-6366.01,2459932.031,3.457,18.893475,123,0,1,1,0,1,0
1220,TOI-6370,46.542182,57.075669,TOI-6370.01,2459934.386,4.175,2.9124991,41,0,1,1,0,1,0
1221,TOI-6371,52.613744,61.635772,TOI-6371.01,2459934.367,1.156,1.8597817,19,0,14,1,0,0,1
1222,TOI-6380,48.459307,65.26786,TOI-6380.01,2459933.99,1.988,5.1404883,10,0,3,10,0,1,0
1223,TOI-6381,85.719553,44.670005,TOI-6381.01,2459929.634,2.409,8.9270275,10,0,2,16,0,1,0
1224,TOI-6404,117.137486,-22.469651,TOI-6404.01,2459985.463,1.378,3.7442969,12,0,4,3,0,1,0
1225,TOI-6405,119.257496,-20.463623,TOI-6405.01,2459980.171,0.839,6.7392054,10,0,5,14,0,1,0
1226,TOI-6409,106.450137,-35.256137,TOI-6409.01,2459987.356,2.951,1.5304279,43,0,1,1,0,0,1
1227,TOI-640,99.7345935,-36.64613,TOI-640b,2458459.739,3.6048,5.0037904,64,0,1,1,1,1,0
1228,TOI-641,101.0717,-23.819187,TOI-641.01,2459202.816,1.2481319,1.8934942,10,0,3,5,0,1,0
1229,TOI-6434,117.328732,-11.242347,TOI-6434.01,2459987.239,1.9,2.7775786,10,0,2,11,0,1,0
1230,TOI-6437,112.07656,-23.270042,TOI-6437.01,2459987.838,7.754,8.31001,26,0,1,1,0,1,0
1231,TOI-6439,118.154066,-4.335076,TOI-6439.01,2459982.473,2.168,2.9896663,38,0,1,1,0,1,0
1232,TOI-6442,107.833335,-35.850518,TOI-6442.01,2459986.409,2.237,2.8279716,70,0,1,1,0,1,0
1233,TOI-6450,134.608621,-6.313801,TOI-6450.01,2459984.169,2.376,3.6092665,10,0,2,5,0,1,0
1234,TOI-6474,140.422164,-29.108079,TOI-6474.01,2460012.37,2.609,1.6069363,22,0,4,1,0,0,1
1235,TOI-6481,155.555983,-14.052149,TOI-6481.01,2460007.898,2.26,6.2796518,10,0,3,9,0,1,0
1236,TOI-6486,141.722816,-7.579251,TOI-6486.01,2460011.848,3.436,10.6332248,11,0,1,1,0,1,0
1237,TOI-649,102.22267,-13.527269,TOI-649.01,2459202.578,1.6300841,0.9358498,37,0,8,1,0,0,1
1238,TOI-6493,112.981285,-49.134121,TOI-6493.01,2460007.949,1.486,3.0667073,10,0,4,35,0,1,0
1239,TOI-6494,142.372527,-54.433148,TOI-6494.01,2460037.919,2.093,3.5327892,53,0,1,1,0,1,0
1240,TOI-6500,152.56752,-40.64736,TOI-6500.01,2460038.186,1.091,4.4156851,10,0,5,5,0,1,0
1241,TOI-651,92.105662,-11.147333,TOI-651.01,2459226.896,1.979,1.0697877,371,0,1,1,0,0,1
1242,TOI-6514,143.52393,-54.905421,TOI-6514.01,2460034.691,5.03,4.0236761,40,0,1,1,0,1,0
1243,TOI-6517,143.595647,-41.525772,TOI-6517.01,2460038.99,1.096,2.6185048,11,0,4,4,0,1,0
1244,TOI-6518,151.834712,-53.343307,TOI-6518.01,2460035.739,1.619,2.1978944,12,0,23,1,0,0,1
1245,TOI-6522,156.403066,-32.592827,TOI-6522.01,2460034.345,1.935,4.7383479,10,0,4,17,0,1,0
1246,TOI-6532,151.681083,-39.710775,TOI-6532.01,2460037.03,2.699,5.4736892,26,0,1,1,0,1,0
1247,TOI-654,164.724551,-5.547545,TOI-654.01,2459576.068,1.12,1.5275657,10,0,4,37,0,1,0
1248,TOI-6544,190.158097,-48.140748,TOI-6544.01,2460067.409,2.294,3.6249482,11,0,2,3,0,1,0
1249,TOI-6549,84.858988,-52.933311,TOI-6549.01,2460042.872,5.1999868,6.1079067,29,0,1,1,0,1,0
1250,TOI-6550,121.454664,-41.135631,TOI-6550.01,2460002.897,6.156,6.9153868,38,0,1,1,0,1,0
1251,TOI-6556,213.667189,-41.559703,TOI-6556.01,2460085.168,3.564,12.9623248,11,0,1,3,0,1,0
1252,TOI-6560,220.409244,-26.790781,TOI-6560.01,2460086.741,1.464,17.2051468,13,0,3,2,0,1,0
1253,TOI-6562,220.299751,-32.363352,TOI-6562.01,2460071.647,5.1910541,4.0947485,30,0,1,1,0,1,0
1254,TOI-6563,212.200442,-55.712303,TOI-6563.01,2460069.195,3.3515613,2.4053036,67,0,1,1,0,1,0
1255,TOI-6564,205.817879,-56.156449,TOI-6564.01,2460071.37,4.5181131,3.9854465,90,0,1,1,0,1,0
1256,TOI-6568,194.684003,-58.476742,TOI-6568.01,2460068.759,4.3786259,17.4368079,25,0,1,1,0,1,0
1257,TOI-658,150.152654,-34.681865,TOI-658.01,2460030.273,1.301,4.7192734,11,0,2,1,0,1,0
1258,TOI-6581,176.397049,-50.56653,TOI-6581.01,2460058.281,2.561,4.9156665,10,0,3,5,0,1,0
1259,TOI-659,150.153861,-34.681446,TOI-659.01,2460030.273,1.594,4.7192771,13,0,2,1,0,1,0
1260,TOI-6599,205.923928,-40.041874,TOI-6599.01,2460041.771,0.9395169,2.2059167,10,0,1,541,0,1,0
1261,TOI-6600,187.441996,-69.651839,TOI-6600.01,2460091.633,2.537,3.8030207,10,0,2,5,0,1,0
1262,TOI-6610,224.571478,-49.275979,TOI-6610.01,2460089.142,3.416,3.1651539,41,0,1,1,0,1,0
1263,TOI-6612,229.294897,-33.969293,TOI-6612.01,2460092.287,1.797,2.3207203,46,0,2,1,0,1,0
1264,TOI-6619,163.506946,-70.892253,TOI-6619.01,2460092.28,2.759,1.6930171,38,0,1,1,0,0,1
1265,TOI-6623,207.421621,-57.150013,TOI-6623.01,2460094.306,2.844,3.1791661,22,0,2,1,0,1,0
1266,TOI-663,160.065852,-8.511083,TOI-663.01,2459989.37,1.8846125,2.6005302,10,0,3,47,0,1,0
1267,TOI-663,160.065852,-8.511083,TOI-663.02,2459989.643,2.5200473,4.6991466,10,0,3,123,0,1,0
1268,TOI-6646,280.882334,20.560674,TOI-6646.01,2459763.657,5.578,17.7505864,10,0,1,6,0,1,0
1269,TOI-6649,9.208188,24.267798,TOI-6649.01,2459881.363,0.904,5.9867942,11,0,5,4,0,1,0
1270,TOI-6651,15.78859,35.389041,TOI-6651.01,2459872.883,3.589,5.0569858,10,0,2,2,0,1,0
1271,TOI-6657,264.966891,-50.574825,TOI-6657.01,2460115.228,1.964,4.0610981,10,0,2,6,0,1,0
1272,TOI-6659,278.41157,-35.348041,TOI-6659.01,2460121.676,1.428,7.3120981,10,0,4,20,0,1,0
1273,TOI-6660,314.381155,-86.61053,TOI-6660.01,2460097.764,3.7582248,2.9851466,40,0,1,1,0,1,0
1274,TOI-6662,84.856001,74.767411,TOI-6662.01,2458816.186,0.5422359,0.2939493,10,0,1,21,0,1,0
1275,TOI-6678,283.536275,-36.65686,TOI-6678.01,2460149.835,1.288,3.4268387,10,0,2,9,0,1,0
1276,TOI-6688,288.371215,-61.059097,TOI-6688.01,2460128.995,1.2463603,4.9594992,10,0,2,5,0,1,0
1277,TOI-6704,123.998559,-59.327035,TOI-6704.01,2459229.783,1.8963897,2.8607384,11,0,2,3,0,1,0
1278,TOI-6704,123.998559,-59.327035,TOI-6704.02,2459235.556,3.2903924,6.8275101,10,0,1,3,0,1,0
1279,TOI-6705,220.003903,-52.910049,TOI-6705.01,2459336.341,1.6861879,8.4457042,43,0,2,1,0,1,0
1280,TOI-6709,167.608218,-29.414302,TOI-6709.01,2458544.543,1.8624266,2.3477336,10,0,3,165,0,1,0
1281,TOI-671,166.888906,-40.206918,TOI-671.01,2460021.29,4.694,10.1970284,134,0,1,1,0,1,0
1282,TOI-6715,159.157968,-64.798231,TOI-6715.01,2460014.969,2.2839791,2.8618782,10,0,2,8,0,1,0
1283,TOI-6716,111.657082,-30.55218,TOI-6716.01,2458495.166,1.1450785,4.718569,10,0,2,3969,0,1,0
1284,TOI-6737,255.458652,-56.815904,TOI-6737.01,2460119.939,2.979,2.8475582,22,0,2,1,0,1,0
1285,TOI-6743,242.81722,-67.000306,TOI-6743.01,2460118.47,5.732,5.9097139,26,0,1,1,0,1,0
1286,TOI-6751,257.381418,-47.403434,TOI-6751.01,2460117.399,3.363,2.9419791,37,0,1,1,0,1,0
1287,TOI-6754,259.290405,-48.763415,TOI-6754.01,2460120.227,3.316,1.9943104,28,0,2,1,0,0,1
1288,TOI-6761,251.015114,-47.714009,TOI-6761.01,2460117.006,4.425,4.3430254,27,0,1,1,0,1,0
1289,TOI-6765,251.037059,-58.984634,TOI-6765.01,2460122.567,1.626,2.7967251,33,0,2,1,0,1,0
1290,TOI-6767,276.290046,-43.906257,TOI-6767.01,2460121.856,1.43,2.3519086,32,0,2,1,0,1,0
1291,TOI-6779,282.205124,-75.431953,TOI-6779.01,2460151.44,1.586,1.3504913,14,0,2,1,0,0,1
1292,TOI-677,144.1193594,-50.4630933,TOI-677b,2458547.474,2.5776,11.2366063,34,0,1,1,1,1,0
1293,TOI-6787,288.702162,-54.242515,TOI-6787.01,2460146.921,3.438,2.9588636,34,0,1,1,0,1,0
1294,TOI-679,155.436002,-17.224364,TOI-679.01,2460004.893,5.482,11.1755425,42,0,1,1,0,1,0
1295,TOI-6790,304.401827,-47.09656,TOI-6790.01,2460140.928,3.689,6.1030299,18,0,2,1,0,1,0
1296,TOI-6792,308.340789,-29.441613,TOI-6792.01,2460151.019,3.236,7.9605908,10,0,2,9,0,1,0
1297,TOI-6793,323.04039,-77.426902,TOI-6793.01,2460149.313,0.786,6.5516113,10,0,4,10,0,1,0
1298,TOI-6801,308.185081,-44.581239,TOI-6801.01,2460148.795,1.091,1.2245052,39,0,2,1,0,0,1
1299,TOI-6806,355.545706,-47.913029,TOI-6806.01,2460202.861,3.914,23.2490769,16,0,1,1,0,1,0
1300,TOI-6808,21.604688,-79.610747,TOI-6808.01,2460177.657,2.988,3.0449187,45,0,1,1,0,1,0
1301,TOI-6814,320.412201,-34.459075,TOI-6814.01,2460178.824,0.905,0.7941828,15,0,4,1,0,0,1
1302,TOI-6842,20.636935,13.352227,TOI-6842.01,2460209.339,4.2434029,5.3920955,38,0,1,1,0,1,0
1303,TOI-6845,341.160439,-18.9358,TOI-6845.01,2460199.692,1.139,4.7443604,11,0,3,5,0,1,0
1304,TOI-6850,352.157167,-23.270494,TOI-6850.01,2460198.639,2.486,6.0803777,10,0,3,18,0,1,0
1305,TOI-6865,0.935669,11.332234,TOI-6865.01,2460231.801,1.753,2.4465664,10,0,4,10,0,1,0
1306,TOI-6871,48.936836,18.484536,TOI-6871.01,2460258.272,3.635,12.4652143,10,0,2,20,0,1,0
1307,TOI-6873,121.454994,20.803931,TOI-6873.01,2460236.841,2.4015591,18.8204255,10,0,2,44,0,1,0
1308,TOI-6881,56.22842,45.507976,TOI-6881.01,2459934.874,3.021,1.9769396,40,0,1,1,0,0,1
1309,TOI-6886,183.608978,5.29803,TOI-6886.01,2459638.336,1.9999398,4.8003341,10,0,2,12,0,1,0
1310,TOI-6908,95.689686,36.598103,TOI-6908.01,2460288.92,3.0734816,3.7120776,10,0,2,4,0,1,0
1311,TOI-6913,74.086436,38.669537,TOI-6913.01,2460312.097,0.555,0.5843146,11,0,3,1,0,0,1
1312,TOI-6919,75.408317,22.890447,TOI-6919.01,2460257.989,0.363,0.7603078,11,0,2,1,0,0,1
1313,TOI-6921,65.839526,24.897315,TOI-6921.01,2460195.28,6.373,25.714253,13,0,1,1,0,1,0
1314,TOI-6942,90.951009,19.213328,TOI-6942.01,2460266.428,2.549,11.2320736,11,0,2,3,0,1,0
1315,TOI-700,97.0957165,-65.5786149,TOI-700c,2458548.753,1.4136,16.051115,10,0,3,1488,1,1,0
1316,TOI-727,130.736931,-2.498585,TOI-727.02,2458518.088,1.0576059,0.7499711,10,0,5,100,0,1,0
1317,TOI-741,140.399376,-60.281169,TOI-741.01,2460006.414,2.073,7.5768334,10,0,1,453,0,1,0
1318,TOI-756,192.103738,-45.470471,TOI-756.01,2459308.004,1.1492706,1.2392528,10,0,4,24,0,1,0
1319,TOI-764,174.302837,-38.307191,TOI-764.01,2458574.584,6.5350826,5.6316663,110,0,1,1,0,1,0
1320,TOI-768,198.635626,-24.14419,TOI-768.01,2459316.292,4.881,11.5294381,21,0,1,1,0,1,0
1321,TOI-771,164.11389,-72.985174,TOI-771.01,2459335.352,0.9960868,2.3260077,10,0,2,197,0,1,0
1322,TOI-772,190.191401,-21.872782,TOI-772.01,2458575.945,3.5235771,11.0163421,12,0,1,4,0,1,0
1323,TOI-776,178.577997,-37.5533568,TOI-776b,2458571.417,2.41,8.24663,10,0,1,300,1,1,0
1324,TOI-776,178.577997,-37.5533568,TOI-776c,2458572.6,2.99,15.66534,10,0,2,986,1,1,0
1325,TOI-777,183.118731,-49.00774,TOI-777.01,2459314.556,4.7925921,8.3008553,17,0,1,1,0,1,0
1326,TOI-778,199.3338503,-15.2737046,TOI-778b,2458578.716,3.76,4.633611,88,0,2,1,1,1,0
1327,TOI-782,183.920361,-18.910338,TOI-782.01,2458577.042,1.7082731,8.0239811,10,0,4,744,0,1,0
1328,TOI-783,172.155637,-54.784223,TOI-783.01,2459312.121,2.0330298,8.1125147,10,0,3,70,0,1,0
1329,TOI-802,97.985715,-68.7118,TOI-802.01,2459383.838,1.9203674,3.6938376,10,0,2,418,0,1,0
1330,TOI-815,155.871938,-43.834925,TOI-815.01,2460026.624,3.061,11.1972769,10,0,2,36,0,1,0
1331,TOI-823,218.658293,-40.739863,TOI-823.01,2459339.832,3.7353318,13.5337577,11,0,1,4,0,1,0
1332,TOI-824,222.1654705,-57.5888666,TOI-824b,2458639.604,1.15344,1.392975,10,0,3,4,1,1,0
1333,TOI-829,224.208391,-37.042983,TOI-829.01,2459334.531,2.3400995,3.2877916,11,0,2,5,0,1,0
1334,TOI-835,192.057325,-56.894318,TOI-835.01,2459338.28,1.2383742,4.7920082,10,0,3,8,0,1,0
1335,TOI-836,225.0798831,-24.4542022,TOI-836b,2458599.995,1.805,3.81673,10,0,1,23,1,1,0
1336,TOI-836,225.0798831,-24.4542022,TOI-836c,2458599.762,2.486,8.59545,10,0,1,18,1,1,0
1337,TOI-837,157.0372806,-64.5052107,TOI-837b,2458574.273,1.957,8.324917,14,0,1,1,1,1,0
1338,TOI-850,9.765924,-17.221806,TOI-850.01,2458384.409,3.283,10.32103,87,0,1,1,0,1,0
1339,TOI-858B,60.1998256,-54.5929177,TOI-858Bb,2458386.452,3.6024,3.2797178,42,0,1,1,1,1,0
1340,TOI-864,81.443395,-51.357031,TOI-864.01,2458411.153,0.5708161,0.5206687,10,0,5,84,0,1,0
1341,TOI-880,94.164473,-13.987337,TOI-880.01,2459224.831,2.608,6.3872524,16,0,1,2,0,1,0
1342,TOI-880,94.164473,-13.987337,TOI-880.02,2459202.295,2.4810064,2.5735943,10,0,2,9,0,1,0
1343,TOI-883,103.369061,-6.507835,TOI-883.01,2459210.743,3.6798142,10.0588733,17,0,1,1,0,1,0
1344,TOI-887,94.545308,15.952049,TOI-887.01,2458472.078,2.791,5.77114,39,0,2,1,0,1,0
1345,TOI-890,100.36319,-12.285043,TOI-890.01,2459226.741,3.51,3.2022978,208,0,1,1,0,1,0
1346,TOI-904,89.3712733,-83.1297264,TOI-904b,2459366.621,3.65,10.8772,10,0,2,102,1,1,0
1347,TOI-905,227.6586754,-71.3616316,TOI-905b,2458643.309,2.028,3.7395671,40,0,1,1,1,1,0
1348,TOI-911,262.335243,-38.645969,TOI-911.01,2459383.267,1.951,8.5841826,78,0,1,1,0,1,0
1349,TOI-912,229.328567,-80.473345,TOI-912.01,2459386.254,1.491,4.6780703,10,0,4,223,0,1,0
1350,TOI-926,48.378728,-32.00557,TOI-926.01,2459144.974,1.2253337,1.8001564,10,0,3,4,0,1,0
1351,TOI-931,57.336855,-47.91819,TOI-931.01,2459169.291,2.722,3.2452094,31,0,1,1,0,1,0
1352,TOI-940,77.403593,-5.67097,TOI-940.01,2459174.756,0.6477766,0.7394592,10,0,2,1,0,0,1
1353,TOI-941,78.300525,6.545915,TOI-941.01,2459198.275,3.78,8.5145626,10,0,1,3,0,1,0
1354,TOI-942,76.6496172,-20.2456126,TOI-942b,2458441.571,2.761,4.32421,10,0,2,11,1,1,0
1355,TOI-942,76.6496172,-20.2456126,TOI-942c,2458447.054,3.723,10.156272,10,0,2,24,1,1,0
1356,TOI-947,78.318822,4.809898,TOI-947.01,2458444.938,1.832,7.31523,39,0,1,1,0,1,0
1357,TOI-954,61.9410587,-25.2088028,TOI-954b,2458411.907,5.09,3.6849729,20,0,1,1,1,1,0
1358,TOI-963,119.1493,-0.772849,TOI-963.01,2459235.098,4.5596639,11.1178464,11,0,1,2,0,1,0
1359,TOI-969,115.1366858,2.0985879,TOI-969b,2459248.377,1.519,1.8237305,10,0,2,12,1,1,0
1360,TOI-986,120.105441,10.343871,TOI-986.01,2460258.731,1.038,0.5476695,31,0,2,1,0,0,1
1361,TOI-991,114.346166,-11.151301,TOI-991.01,2459987.448,1.999,2.4843225,16,0,3,1,0,1,0
1362,TRAPPIST-1,346.6263919,-5.0434618,TRAPPIST-1b,2450000.0,0.601,1.5108708,12,0,1,873,1,1,0
1363,TRAPPIST-1,346.6263919,-5.0434618,TRAPPIST-1c,2450000.0,0.7005,2.4218233,11,0,1,3911,1,1,0
1364,TRAPPIST-1,346.6263919,-5.0434618,TRAPPIST-1d,2450000.0,0.8145,4.04961,12,0,1,93838,1,1,0
1365,TRAPPIST-1,346.6263919,-5.0434618,TRAPPIST-1e,2450000.0,0.9293,6.099615,10,0,1,274648,1,1,0
1366,TRAPPIST-1,346.6263919,-5.0434618,TRAPPIST-1f,2450000.0,1.048,9.20669,10,0,1,1211711,1,1,0
1367,TRAPPIST-1,346.6263919,-5.0434618,TRAPPIST-1g,2450000.0,1.137,12.35294,10,0,1,4351673,1,1,0
1368,TRAPPIST-1,346.6263919,-5.0434618,TRAPPIST-1h,2450000.0,1.269,18.767,10,0,1,300785139,1,1,0
1369,TrES-2,286.8085258,49.3164211,TrES-2b,2454849.527,1.789,2.470613372,44,0,1,1,1,1,0
1370,TrES-4,268.3043361,37.2117397,TrES-4b,2454230.906,3.658,3.55392889,49,0,1,1,1,1,0
1371,WASP-103,249.3148604,7.1833758,WASP-103b,2456459.6,2.593,0.925545386,81,0,1,1,1,0,1
1372,WASP-104,160.6023689,7.4350768,WASP-104b,2456406.111,1.76208,1.75540576,46,0,2,1,1,0,1
1373,WASP-107,188.3864277,-10.1462141,WASP-107b,2456514.411,2.7528,5.72148926,86,0,1,1,1,1,0
1374,WASP-10,348.9930457,31.4627508,WASP-10b,2454357.858,2.356344,3.09272813,41,0,3,1,1,1,0
1375,WASP-113,224.8728589,46.9600996,WASP-113b,2457197.097,4.2984,4.54216695,26,0,1,1,1,1,0
1376,WASP-114,327.6656953,10.4629385,WASP-114b,2456667.736,2.78208,1.54877501,32,0,5,1,1,0,1
1377,WASP-117,36.7758112,-50.2844247,WASP-117b,2456533.823,5.94,10.0205933,30,0,1,1,1,1,0
1378,WASP-118,19.5505861,2.7027847,WASP-118b,2456787.814,4.8048,4.04605063,42,0,1,1,1,1,0
1379,WASP-119,55.9336392,-65.19378,WASP-119b,2456537.547,3.024,2.49980447,45,0,1,1,1,1,0
1380,WASP-121,107.6002312,-39.0972705,WASP-121b,2456635.708,2.8872,1.274924762,157,0,1,1,1,0,1
1381,WASP-123,289.4792124,-32.8601244,WASP-123b,2456845.171,3.0936,2.97764359,56,0,1,1,1,1,0
1382,WASP-124,332.7143373,-30.7497189,WASP-124b,2457028.583,2.5704,3.37264959,21,0,1,1,1,1,0
1383,WASP-126,63.374706,-69.2265926,WASP-126b,2456890.319,3.408,3.28878703,26,0,1,1,1,1,0
1384,WASP-12,97.636645,29.6722662,WASP-12b,2456176.668,2.99592,1.091419179,108,0,1,1,1,0,1
1385,WASP-131,210.1935714,-30.5836084,WASP-131b,2456919.824,3.8304,5.322012,45,0,1,1,1,1,0
1386,WASP-132,217.6091998,-46.159516,WASP-132b,2459337.608,3.18,7.133513,11,0,1,1,1,1,0
1387,WASP-135,267.2848846,29.8790428,WASP-135b,2455230.99,1.656,1.40137864,48,0,3,1,1,0,1
1388,WASP-139,49.562173,-41.3020235,WASP-139b,2457196.793,2.832,5.9242672,20,0,1,2,1,1,0
1389,WASP-140,60.3855387,-20.4509991,WASP-140b,2456912.351,1.5144,2.23598448,96,0,1,1,1,1,0
1390,WASP-142,140.5063164,-23.946102,WASP-142b,2457007.778,2.6808,2.0528705,28,0,2,1,1,0,1
1391,WASP-144,320.7628761,-40.0484393,WASP-144b,2457157.275,1.9536,2.27831337,10,0,3,1,1,1,0
1392,WASP-145A,322.2537644,-58.8361466,WASP-145Ab,2456844.165,0.9768,1.76903814,43,0,1,1,1,0,1
1393,WASP-147,359.1915117,-22.1532316,WASP-147b,2456562.595,4.3944,4.602744,16,0,1,1,1,1,0
1394,WASP-153,279.2624729,40.0186905,WASP-153b,2453142.542,3.84,3.3326083,27,0,1,1,1,1,0
1395,WASP-156,32.782085,2.4181937,WASP-156b,2454677.707,2.41,3.83616488,11,0,1,3,1,1,0
1396,WASP-157,201.6551525,-8.3176353,WASP-157b,2457257.803,1.9464,3.95161588,16,0,2,1,1,1,0
1397,WASP-159,68.1364792,-38.9682973,WASP-159b,2457668.085,5.5872,3.8404213,20,0,1,1,1,1,0
1398,WASP-15,208.9280111,-32.1597118,WASP-15b,2454584.698,3.7128,3.75209956,50,0,1,1,1,1,0
1399,WASP-160B,87.679561,-27.6233218,WASP-160Bb,2457383.655,2.84424,3.76849254,18,0,1,1,1,1,0
1400,WASP-163,256.5375549,-10.4130071,WASP-163b,2457918.462,2.232,1.6096884,43,0,3,1,1,0,1
1401,WASP-164,344.8735878,-60.4478194,WASP-164b,2457203.854,1.60368,1.77713687,30,0,8,1,1,0,1
1402,WASP-166,144.8751047,-20.9824191,WASP-166b,2457664.329,3.6,5.4435423,24,0,1,1,1,1,0
1403,WASP-167,196.0437932,-35.5495292,WASP-167b,2456592.464,2.724,2.02195933,66,0,1,1,1,0,1
1404,WASP-168,96.7446427,-46.8213635,WASP-168b,2457424.528,1.9128,4.1536573,41,0,1,1,1,1,0
1405,WASP-169,127.3872297,-12.9447683,WASP-169b,2457697.018,6.0528,5.6114206,17,0,1,1,1,1,0
1406,WASP-172,199.433742,-47.2375748,WASP-172b,2457032.262,5.2944,5.4774317,35,0,1,1,1,1,0
1407,WASP-173A,354.1686959,-34.6113042,WASP-173Ab,2458105.598,2.3544,1.38665333,65,0,4,1,1,0,1
1408,WASP-174,195.7940145,-41.3848617,WASP-174b,2458545.527,2.094,4.2336995,33,0,1,1,1,1,0
1409,WASP-176,313.6872928,9.1790688,WASP-176b,2458234.177,5.1528,3.89905,27,0,1,1,1,1,0
1410,WASP-177,334.7969885,-1.8344301,WASP-177b,2457994.371,1.6128,3.07172019,58,0,1,1,1,1,0
1411,WASP-178,227.270329,-42.7049658,WASP-178b,2458321.867,3.6336,3.3448285,112,0,1,1,1,1,0
1412,WASP-17,239.9622479,-28.0617941,WASP-17b,2454577.858,4.392,3.73548545,81,0,1,1,1,1,0
1413,WASP-180A,123.3922465,-1.9827874,WASP-180Ab,2457763.315,3.1176,3.4092646,45,0,1,1,1,1,0
1414,WASP-181,26.7932253,3.1329325,WASP-181b,2457747.667,3.0648,4.51949982,15,0,1,1,1,1,0
1415,WASP-182,311.673345,-41.8209828,WASP-182b,2458018.66,2.5968,3.3769848,13,0,1,1,1,1,0
1416,WASP-183,163.7888521,-0.7370663,WASP-183b,2457796.185,2.016,4.1117634,27,0,1,1,1,1,0
1417,WASP-184,209.51701,-30.348153,WASP-184b,2457630.008,4.776,5.1817,15,0,1,1,1,1,0
1418,WASP-187,17.47474,25.6816494,WASP-187b,2455197.353,5.82,5.147878,54,0,1,1,1,1,0
1419,WASP-189,225.686732,-3.0314874,WASP-189b,2458926.542,4.3336,2.7240308,317,0,1,1,1,1,0
1420,WASP-18,24.3544618,-45.6777937,WASP-18b,2456740.806,2.21,0.941452417,168,0,8,1,1,0,1
1421,WASP-193,164.3491401,-29.9971229,WASP-193b,2457781.666,4.349,6.2463345,76,0,1,1,1,1,0
1422,WASP-19,148.4167672,-45.6591078,WASP-19b,2456402.713,1.607,0.788839092,85,0,1,1,1,0,1
1423,WASP-20,5.1605621,-23.9357894,WASP-20b,2455715.656,3.4032,4.89964477,54,0,1,1,1,1,0
1424,WASP-22,52.8180374,-23.8197924,WASP-22b,2454780.25,3.288,3.53272912,24,0,1,1,1,1,0
1425,WASP-23,101.1275033,-42.7622296,WASP-23b,2455320.124,2.39424,2.9444273,19,0,2,1,1,1,0
1426,WASP-28,353.6162694,-1.5799849,WASP-28b,2455290.405,3.2376,3.40883502,28,0,1,1,1,1,0
1427,WASP-2,307.7255587,6.4293305,WASP-2b,2458339.003,1.78824,2.15222216,41,0,1,1,1,0,1
1428,WASP-33,36.7127375,37.5504441,WASP-33b,2450000.0,2.8536,1.2198669,341,0,1,1,1,0,1
1429,WASP-34,165.3993679,-23.8609457,WASP-34b,2454647.554,2.1024,4.31768411,49,0,1,1,1,1,0
1430,WASP-3,278.6317411,35.6614312,WASP-3b,2454640.65,2.772,1.846835096,87,0,1,1,1,0,1
1431,WASP-42,192.981203,-42.0736165,WASP-42b,2455650.567,2.89032,4.9816816,21,0,1,1,1,1,0
1432,WASP-43,154.9081869,-9.8064431,WASP-43b,2450000.0,1.164,0.813474056,77,0,2,1,1,0,1
1433,WASP-44,3.9032733,-11.9382645,WASP-44b,2458338.102,2.2368,2.42381127,19,0,3,1,1,1,0
1434,WASP-45,5.2377567,-35.998465,WASP-45b,2458339.143,1.6824,3.12607728,18,0,4,1,1,1,0
1435,WASP-49,91.0897193,-16.9653901,WASP-49b,2456267.684,2.14,2.78173691,43,0,1,1,1,1,0
1436,WASP-4,353.5629149,-42.0617794,WASP-4b,2454387.328,2.12832,1.338231388,56,0,1,1,1,0,1
1437,WASP-50,43.6880738,-10.8980242,WASP-50b,2450000.0,1.8336,1.9550929,46,0,2,1,1,0,1
1438,WASP-52,348.4947931,8.7610793,WASP-52b,2455793.681,1.8096,1.74978117,49,0,1,1,1,0,1
1439,WASP-54,205.4542456,-0.1281712,WASP-54b,2455518.351,4.4712,3.69359933,83,0,1,1,1,1,0
1440,WASP-56,183.3660401,23.055687,WASP-56b,2455730.799,3.5616,4.61705992,17,0,1,1,1,1,0
1441,WASP-58,274.7012534,45.1722194,WASP-58b,2455183.934,3.7968,5.0172133,33,0,1,1,1,1,0
1442,WASP-5,359.3490277,-41.2772202,WASP-5b,2454373.996,2.3712,1.628429971,35,0,3,1,1,0,1
1443,WASP-62,87.1398205,-63.9883286,WASP-62b,2455767.153,3.816,4.41193868,61,0,1,1,1,1,0
1444,WASP-64,101.1149223,-32.8583878,WASP-64b,2455582.602,2.39976,1.573290273,33,0,2,1,1,0,1
1445,WASP-68,305.0957239,-19.3147271,WASP-68b,2456064.864,5.136,5.0843144,39,0,1,1,1,1,0
1446,WASP-69,315.0259661,-5.094857,WASP-69b,2455748.833,2.2296,3.86813888,73,0,1,1,1,1,0
1447,WASP-70A,315.4771912,-13.4333821,WASP-70Ab,2455736.503,3.3336,3.71301695,34,0,1,1,1,1,0
1448,WASP-75,342.3858995,-10.6754686,WASP-75b,2456016.267,1.9728,2.4841976,43,0,1,1,1,1,0
1449,WASP-76,26.632936,2.700389,WASP-76b,2456107.855,3.6936,1.80988043,175,0,1,1,1,0,1
1450,WASP-77A,37.1555223,-7.0606675,WASP-77Ab,2457420.884,2.148,1.360028949,126,0,1,1,1,0,1
1451,WASP-78,63.7562662,-22.1163901,WASP-78b,2456139.03,4.968,2.175185,57,0,1,1,1,1,0
1452,WASP-79,66.3709016,-30.6004362,WASP-79b,2456215.456,3.816,3.66239163,74,0,1,1,1,1,0
1453,WASP-80,303.1667996,-2.1444369,WASP-80b,2456487.425,2.131,3.06785251,45,0,1,1,1,1,0
1454,WASP-83,190.1519558,-19.2843527,WASP-83b,2455928.885,3.3648,4.97129251,15,0,1,1,1,1,0
1455,WASP-85A,175.9080328,6.5637842,WASP-85Ab,2456847.473,2.59584,2.655674403,73,0,1,1,1,1,0
1456,WASP-88,309.5112337,-48.4620833,WASP-88b,2456474.732,6.048,4.9540032,40,0,1,1,1,1,0
1457,WASP-90,315.5319489,7.0562793,WASP-90b,2456235.564,3.3552,3.9162637,43,0,1,1,1,1,0
1458,WASP-91,357.846434,-70.1528621,WASP-91b,2456297.719,2.3424,2.79857894,29,0,2,1,1,1,0
1459,WASP-92,246.6920395,51.0411328,WASP-92b,2456381.283,2.7672,2.17467324,34,0,1,1,1,1,0
1460,WASP-93,9.4587443,51.288778,WASP-93b,2456079.564,2.2344,2.73253774,63,0,1,1,1,1,0
1461,WASP-96,1.0465696,-47.3606352,WASP-96b,2456258.062,2.4264,3.42525674,20,0,1,1,1,1,0
1462,Wolf503,206.8461979,-6.1393369,Wolf503b,2458191.361,1.33,6.00118,10,0,3,45,1,1,0
1463,XO-6,94.7929552,73.8275672,XO-6b,2456652.712,2.9,3.76499245,86,0,1,1,1,1,0
1464,XO-7,277.4780753,85.2333208,XO-7b,2457917.475,2.772,2.8641356,61,0,1,1,1,1,0
1465,HD39091,84.2992798,-80.4646041,piMenc,2458325.504,2.953,6.2678293,22,0,1,2,1,1,0
